id,module,code,subtopic,type,archetype,difficulty,depth,reviewStatus,version,correctAnswers,stem
A-AMDAHL-008,arch_perf_model,A,Amdahl's Law / parallelization limits,single,formula_performance,2,textbook,agent_reviewed,1,A,"A workload spends 5% of its serial time in a sequential preprocessing step that cannot be parallelized; the remaining 95% is embarrassingly parallel. By Amdahl's Law, what is the maximum achievable speedup as the number of workers p → ∞?"
A-ARITH-001,arch_perf_model,A,Roofline / Arithmetic Intensity / GEMV,single,formula_performance,3,implementation,agent_reviewed,1,A,"On A100 SXM (peak FP16 Tensor-Core throughput ≈ 312 TFLOP/s, HBM2e bandwidth ≈ 2.0 TB/s), consider a batch-1 GEMV y = W x with W ∈ ℝ^{4096×4096} FP16, x ∈ ℝ^{4096} FP16, y ∈ ℝ^{4096} FP16 (all resident in HBM, weights streamed once, negligible reuse). Assuming steady state and ignoring launch overhead, which Roofline characterization is correct?"
A-ARITH-002,arch_perf_model,A,Roofline / Elementwise memory-bound,single,formula_performance,2,implementation,agent_reviewed,1,B,"On A100 SXM (peak FP32 ≈ 19.5 TFLOP/s, HBM ≈ 2.0 TB/s), a kernel reads an FP32 tensor A of shape [32M] and writes B[i] = softplus(A[i]) (≈ 10 FLOPs per element). Which Roofline analysis is correct?"
A-BANK-022,arch_perf_model,A,Shared memory bank conflict,single,performance_diagnosis,4,implementation,agent_reviewed,2,D,"A CUDA kernel declares `__shared__ float smem[32][32]` (32 banks × 4-byte bank width on Ampere). After a `__syncthreads()`, the block reads `smem[threadIdx.x][threadIdx.y]` with a 32×32 thread block. What is the resulting bank-conflict behavior for a warp with a single value of threadIdx.y (threads share y, differ in x)?"
A-BATCH-028,arch_perf_model,A,Batch size to cross ridge point,single,formula_performance,4,systems,agent_reviewed,1,D,"For a transformer linear layer Y = X · W with W ∈ ℝ^{4096×4096} FP16 (weight streamed once), on A100 SXM (FP16 Tensor-Core peak ≈ 312 TFLOP/s, HBM ≈ 2.0 TB/s, ridge point ≈ 156 FLOP/byte). Approximately what batch/token dimension B is needed for the layer's arithmetic intensity to reach the ridge point (assuming AI ≈ B in the weight-dominated small-B regime)?"
A-BW-006,arch_perf_model,A,Arithmetic intensity / batched GEMM,single,formula_performance,3,implementation,agent_reviewed,1,C,"Consider a single-tile FP16 GEMM C = A · B with A ∈ ℝ^{M×K}, B ∈ ℝ^{K×N}, C ∈ ℝ^{M×N}, M=N=K=1024, all tensors streamed once from HBM (no persistence). On A100 SXM (FP16 Tensor Core peak ≈ 312 TFLOP/s, HBM ≈ 2.0 TB/s, ridge point ≈ 156 FLOP/byte), which classification is correct?"
A-CACHE-010,arch_perf_model,A,Cache line utilization / data locality,single,formula_performance,3,implementation,agent_reviewed,1,A,"A CPU loop reads a[i * S] for i = 0 .. N−1 where a is a contiguous FP32 array and S = 16 (stride 16 elements = 64 B). Cache lines are 64 B. Assuming N is large so warm-up effects are negligible and no prefetch reuse across iterations, what fraction of each transferred cache line is useful to the loop?"
A-COAL-009,arch_perf_model,A,Global memory coalescing / effective bandwidth,single,performance_diagnosis,3,implementation,agent_reviewed,1,D,"Two kernels each read 32 × 4 B = 128 useful bytes per warp. Kernel A reads contiguous 4 B elements (stride 1) and issues one 128 B coalesced transaction. Kernel B reads with stride 32 (4 B elements 128 B apart), touching 32 distinct 32 B sectors, so the memory system transfers 32 × 32 B = 1024 B per warp. Assuming HBM bandwidth is the bottleneck, what is the ratio of effective useful-bytes throughput of Kernel B to Kernel A?"
A-CPUGPU-027,arch_perf_model,A,CPU vs GPU execution model contrasts,multiple,concept_boundary,3,textbook,agent_reviewed,1,A|B|C,"Which statements correctly contrast the CPU and GPU execution models? (Select all that apply.)"
A-DIVERG-021,arch_perf_model,A,Warp divergence performance impact,multiple,performance_diagnosis,4,implementation,agent_reviewed,1,B|C,"A CUDA kernel executes an if/else branch that produces two disjoint code paths of similar cost (T_A ≈ T_B ≈ T). Which of the following statements about divergence within a warp are correct? (Select all that apply.)"
A-ENERGY-016,arch_perf_model,A,Energy per operation / power constraints,multiple,concept_boundary,3,textbook,agent_reviewed,1,A|B,"Survey figures (Sze et al., cited widely from Horowitz's ISSCC 2014 numbers) place DRAM access energy roughly 2–3 orders of magnitude above an on-chip multiply-add. Which of the following implications are correct for accelerator/DNN energy analysis? (Select all that apply.)"
A-HIER-020,arch_perf_model,A,Memory hierarchy ordering (latency, bandwidth, capacity),multiple,concept_boundary,3,implementation,agent_reviewed,1,B|C|D,"Which statements about the NVIDIA GPU memory hierarchy (Ampere/Hopper) are correct? (Select all that apply.)"
A-ILP-030,arch_perf_model,A,Little's Law / ILP + MLP requirements for latency hiding,multiple,performance_diagnosis,4,implementation,agent_reviewed,1,A|C|D,"Consider a memory-bound GPU kernel. Which of the following statements correctly apply Little's Law to reasoning about latency hiding? (Select all that apply.)"
A-INTENSE-019,arch_perf_model,A,Batch effect on arithmetic intensity,single,formula_performance,3,implementation,agent_reviewed,1,B,"A transformer linear layer Y = X · W with W ∈ ℝ^{4096×4096} FP16 has an effective batch dimension B (e.g., #tokens in a step). Weight W is streamed once from HBM per launch; X and Y are proportional to B. Ignoring caching outside of W's single-pass streaming, how does arithmetic intensity (FLOP / bytes) scale with B?"
A-LAUNCH-015,arch_perf_model,A,Kernel launch overhead / short-kernel Amdahl,multiple,formula_performance,3,systems,agent_reviewed,1,B|C|D,"Kernel launch overhead is typically ~5–10 μs on NVIDIA GPUs. Consider a training/inference loop dispatching many small kernels. Which of the following statements are correct? (Select all that apply.)"
A-LITTLE-004,arch_perf_model,A,Little's Law / Memory-level parallelism,single,formula_performance,3,implementation,agent_reviewed,1,B,"Little's Law states Concurrency = Bandwidth × Latency. Suppose an A100 has peak HBM bandwidth ≈ 2 TB/s and average DRAM load latency ≈ 400 ns, and each in-flight load fetches a 128-byte sector. Approximately how many 128-byte loads must be simultaneously in flight (aggregated across all SMs) to saturate HBM bandwidth?"
A-MEM-005,arch_perf_model,A,GPU memory hierarchy / bandwidth / access rules,multiple,concept_boundary,3,implementation,agent_reviewed,1,B|C|D,"Which of the following statements about the A100 (sm_80) memory hierarchy are correct? (Select all that apply.)"
A-NVLINK-014,arch_perf_model,A,NVLink vs PCIe / inter-GPU collectives,single,performance_diagnosis,3,systems,agent_reviewed,1,A,"You have two 8-GPU setups: (i) H100 SXM5 with NVLink 4.0 (per-GPU aggregate ≈ 900 GB/s bidirectional) and (ii) H100 PCIe cards on PCIe Gen4 x16 (≈ 25 GB/s per-direction between neighbors, no NVLink). You run ring-AllReduce on a 1 GiB FP16 tensor. Which comparison is closest to correct in the bandwidth-bound regime?"
A-OCC-003,arch_perf_model,A,Occupancy / Register pressure,single,performance_diagnosis,3,implementation,agent_reviewed,1,B,"A CUDA kernel targeting sm_80 is compiled with `nvcc -arch=sm_80 --ptxas-options=-v` and prints `ptxas info : Used 96 registers, 384 bytes cmem[0]`. The launch config is `<<<gridDim, 256>>>`. A100 provides 65,536 32-bit registers per SM, a max of 2,048 threads (64 warps) per SM, and up to 32 concurrent blocks per SM. Ignoring shared-memory and block-count limits, what is the register-limited theoretical occupancy?"
A-PARA-024,arch_perf_model,A,Parallelism taxonomy (ILP / DLP / TLP),multiple,concept_boundary,3,textbook,agent_reviewed,1,A|B|D,"Which of the following statements correctly connect a parallelism level (ILP / DLP / TLP) to an architectural mechanism? (Select all that apply.)"
A-PCIE-013,arch_perf_model,A,PCIe transfer / host-device data movement,single,formula_performance,3,implementation,agent_reviewed,1,A,"A host-to-device H2D transfer of a pinned 4 GiB buffer is issued to a GPU connected via PCIe Gen4 x16 (practical unidirectional ≈ 25 GB/s in production, 32 GB/s theoretical). Ignoring driver setup overheads, roughly how long is the H2D transfer alone, and what is the implication for overlapping with a kernel that runs 40 ms on the same buffer?"
A-PEAK-018,arch_perf_model,A,Theoretical peak vs sustained throughput,single,performance_diagnosis,3,systems,agent_reviewed,1,B,"You measure 220 TFLOP/s on a cuBLAS FP16 GEMM (M=N=K=8192) on an A100 SXM, versus a theoretical peak of 312 TFLOP/s. Nsight Compute shows 78% Tensor Core utilization and HBM is not saturated. Which explanation is most consistent with the data?"
A-POWER-029,arch_perf_model,A,Power / thermal throttling,single,performance_diagnosis,4,systems,agent_reviewed,1,D,"Nsight Systems shows a data-center GPU reaching 300 TFLOP/s in a short FP16 GEMM burst, but sustained throughput over 30 s stabilizes at 240 TFLOP/s. GPU telemetry reports a TDP cap of 400 W and a performance-state drop from P0 to P2. Which explanation best fits the data?"
A-REGSPILL-025,arch_perf_model,A,Register spill / local memory penalty,single,performance_diagnosis,4,implementation,agent_reviewed,1,C,"You compile a CUDA kernel and ptxas reports `128 bytes spill stores, 128 bytes spill loads`. Which statement about GPU register spills is correct?"
A-RIDGE-007,arch_perf_model,A,Ridge point / precision-dependent Roofline,single,formula_performance,2,textbook,agent_reviewed,1,B,"H100 SXM5 published peaks (dense, non-sparse): FP16 Tensor Core ≈ 989 TFLOP/s, FP8 Tensor Core ≈ 1979 TFLOP/s, HBM3 bandwidth ≈ 3.35 TB/s. Which statement about ridge points on this GPU is correct?"
A-SIMT-011,arch_perf_model,A,SIMD vs SIMT execution model,multiple,concept_boundary,2,textbook,agent_reviewed,1,A|B,"Which of the following statements distinguishing CPU SIMD (e.g., AVX-512) from NVIDIA GPU SIMT (warp-based) execution are correct? (Select all that apply.)"
A-STREAM-026,arch_perf_model,A,CUDA streams / H2D-kernel-D2H overlap,single,systems_dataflow,3,systems,agent_reviewed,1,D,"You process N chunks of equal size. Each chunk requires 10 ms H2D, 20 ms kernel, and 10 ms D2H. The GPU has two DMA copy engines (one H2D, one D2H), one kernel engine, and you use N ≥ 3 CUDA streams so H2D of chunk i+1, kernel of chunk i, and D2H of chunk i−1 can overlap. What is the approximate steady-state wall time per chunk, and what limits it?"
A-TC-023,arch_perf_model,A,Tensor Core density vs FP32 SIMT,single,formula_performance,4,implementation,agent_reviewed,1,D,"A100 SXM published peaks: FP32 CUDA-core ≈ 19.5 TFLOP/s; FP16 Tensor Core ≈ 312 TFLOP/s (dense). A GEMM kernel with sufficient AI can, in principle, choose between the two paths. Which statement about the Tensor Core vs CUDA-core throughput ratio is correct?"
A-THROUGH-017,arch_perf_model,A,Latency vs throughput,multiple,concept_boundary,2,textbook,agent_reviewed,1,B|C|D,"Which of the following correctly distinguish latency from throughput in an architectural context? (Select all that apply.)"
A-WARP-012,arch_perf_model,A,Warp / Block / Grid semantics,single,concept_boundary,2,textbook,agent_reviewed,1,A,"Which statement correctly describes the relationship among threads, warps, blocks and grids on NVIDIA GPUs (compute capability 8.0)?"
B-ALIAS-007,compiler_basics,B,Alias analysis / soundness,multiple,concept_boundary,3,implementation,agent_reviewed,1,B|C|D,"Which of the following statements about alias analysis in a compiler are correct? (Select all that apply.)"
B-CFG-003,compiler_basics,B,Basic block / CFG definition,single,precise_definition,2,textbook,agent_reviewed,1,D,"Which statement correctly defines a basic block (BB) and the corresponding control-flow graph (CFG)?"
B-CFOLD-009,compiler_basics,B,Constant folding,single,ir_transformation,2,textbook,agent_reviewed,1,B,"Constant folding transforms the IR shown above by evaluating arithmetic on compile-time constants. Which statement about constant folding is correct?"
B-CPROP-010,compiler_basics,B,Sparse Conditional Constant Propagation (SCCP),single,ir_transformation,3,implementation,agent_reviewed,1,B,"Sparse Conditional Constant Propagation (SCCP) achieves better precision than plain constant propagation by tracking both constant lattice values and edge reachability. Which statement about SCCP's advantage over plain constant propagation on the code above is correct?"
B-CSE-012,compiler_basics,B,Common Subexpression Elimination / availability,single,ir_transformation,3,implementation,agent_reviewed,2,C,"The IR performs two loads from the same pointer %p, with a `call @sink` between them that may write to memory. A naive CSE would replace the second load with the first. Which statement is correct?"
B-DATAFLOW-022,compiler_basics,B,Data-flow lattice / meet-over-paths,single,precise_definition,3,implementation,agent_reviewed,1,C,"In classical data-flow analysis, the meet operator combines information at a join point (multiple predecessor paths). Which pairing of analysis and meet operator is correct?"
B-DCE-011,compiler_basics,B,Dead Code Elimination boundaries,multiple,concept_boundary,3,implementation,agent_reviewed,1,C|D,"Which statements about Dead Code Elimination (DCE) and its relationship to unreachable code elimination are correct? (Select all that apply.)"
B-DEFUSE-006,compiler_basics,B,Def-use chain in SSA,single,precise_definition,2,textbook,agent_reviewed,1,C,"In SSA form, why are def-use chains typically simpler and cheaper to compute than in a non-SSA IR?"
B-DOM-004,compiler_basics,B,Dominance / post-dominance / dominator tree,multiple,concept_boundary,3,implementation,agent_reviewed,1,B|C|D,"Which statements about dominance and post-dominance in a CFG with a distinguished entry are correct? (Select all that apply.)"
B-DOMTREE-025,compiler_basics,B,Dominator tree properties,single,precise_definition,3,implementation,agent_reviewed,1,D,"Which statement correctly describes the dominator tree of a CFG and its use in SSA construction?"
B-ESCAPE-008,compiler_basics,B,Escape analysis,single,precise_definition,3,implementation,agent_reviewed,1,D,"Which statement most precisely describes escape analysis and the optimizations it enables?"
B-INLINE-014,compiler_basics,B,Inlining trade-offs,multiple,concept_boundary,3,implementation,agent_reviewed,1,B|C|D,"Which statements about function inlining as a compiler optimization are correct? (Select all that apply.)"
B-INSTSEL-016,compiler_basics,B,Instruction selection / tree pattern matching,single,precise_definition,3,implementation,agent_reviewed,1,B,"Which statement most precisely describes instruction selection via tree/DAG pattern matching?"
B-JITAOT-019,compiler_basics,B,JIT vs AOT compilation,multiple,concept_boundary,3,systems,agent_reviewed,1,B|C,"Which statements correctly compare Just-in-Time (JIT) and Ahead-of-Time (AOT) compilation? (Select all that apply.)"
B-LICM-013,compiler_basics,B,Loop Invariant Code Motion safety conditions,single,ir_transformation,4,implementation,agent_reviewed,2,D,"The expression `%inv = sdiv i32 %a, %b` is loop-invariant. Under LICM, which conditions must hold for it to be safe to hoist `%inv` to the loop preheader?"
B-LIVE-005,compiler_basics,B,Liveness analysis (backward data-flow),single,ir_transformation,3,implementation,agent_reviewed,1,D,"Using standard liveness data-flow equations (live_in[I] = (live_out[I] − def[I]) ∪ use[I]), which variables are live immediately BEFORE instruction I1?"
B-LOOPINV-023,compiler_basics,B,Loop invariance under redefinition / edge cases,single,ir_transformation,4,implementation,agent_reviewed,1,C,"Is `%e = mul i32 %s, 2` loop-invariant in the loop shown, and can it be hoisted to bb_preheader?"
B-PARTIAL-018,compiler_basics,B,Partial evaluation / specialization,single,precise_definition,3,textbook,agent_reviewed,1,A,"Which statement most precisely defines partial evaluation as a compilation technique?"
B-PATTERN-017,compiler_basics,B,Pattern rewriting vs peephole,multiple,concept_boundary,3,implementation,agent_reviewed,1,B|C|D,"Which statements about pattern rewriting vs peephole optimization are correct? (Select all that apply.)"
B-PHI-002,compiler_basics,B,Phi node placement at CFG merges,single,ir_transformation,3,implementation,agent_reviewed,1,D,"In the CFG shown, block bb_merge has two predecessors bb_then and bb_else, each defining a version of x (%x1 in bb_then, %x2 in bb_else). Which is the correct SSA representation of the merged value used in bb_merge?"
B-REGALLOC-015,compiler_basics,B,Register allocation via graph coloring,single,precise_definition,3,implementation,agent_reviewed,1,D,"In the classical graph-coloring formulation of register allocation, what do the nodes, edges, K colors, and 'spill' correspond to?"
B-SEMPRES-021,compiler_basics,B,Semantic preservation in optimization,multiple,concept_boundary,4,systems,agent_reviewed,1,A|C|D,"Which statements about semantic preservation in compiler optimization are correct? (Select all that apply.)"
B-SOUND-020,compiler_basics,B,Soundness of static analysis,multiple,concept_boundary,4,implementation,agent_reviewed,1,A|B|D,"Which statements about soundness and precision in static compiler analyses are correct? (Select all that apply.)"
B-SSA-001,compiler_basics,B,SSA form definition,single,precise_definition,2,textbook,agent_reviewed,1,C,"Which statement correctly defines Static Single Assignment (SSA) form?"
B-SSAFORM-024,compiler_basics,B,Out-of-SSA translation / phi lowering,single,ir_transformation,4,implementation,agent_reviewed,1,D,"During out-of-SSA translation, a compiler lowers phi functions into copies at predecessor block ends. Which statement about this lowering is correct, particularly regarding the swap / lost-copy issue?"
C-BUFFER-012,graph_tensor_ir,C,Buffer vs. tensor semantics / Bufferization,single,ir_transformation,3,implementation,agent_reviewed,2,C,"The IR is transformed from a linalg-on-tensor form to a linalg-on-memref form by MLIR's bufferization. Which pair of properties best describes the tensor-form and memref-form semantics, respectively?"
C-CANON-006,graph_tensor_ir,C,Canonicalization / arith folding in MLIR,single,ir_transformation,2,implementation,agent_reviewed,1,C,"The MLIR canonicalization pass rewrites the fragment BEFORE into the fragment AFTER. Which statement best characterizes what canonicalization is doing here?"
C-DCE-013,graph_tensor_ir,C,Dead code elimination on ops with side effects,single,ir_transformation,3,implementation,agent_reviewed,2,B,"A tensor-IR pass tries to run DCE and removes both `linalg.copy` (writes to %B) and `linalg.matmul` (returns a used %C) below. Which statement most accurately describes what DCE is allowed to remove in this snippet?"
C-DIALECT-016,graph_tensor_ir,C,MLIR: Operation / Region / Block / Value / Type,single,precise_definition,2,textbook,agent_reviewed,2,A,"Consider MLIR's core structural vocabulary. Which statement most accurately describes the relationship among Operation, Region, Block, and Value?"
C-EAGER-015,graph_tensor_ir,C,Eager vs. static / define-by-run vs. define-and-run,single,concept_boundary,2,textbook,agent_reviewed,2,B,"Eager execution and static graph capture describe two different points in the design space of ML frameworks. Which statement most accurately captures the key distinction?"
C-GRAPH-025,graph_tensor_ir,C,Dataflow graph properties,multiple,precise_definition,2,textbook,agent_reviewed,2,B|C|D,"In the standard formulation of a deep-learning computational graph (dataflow graph), which of the following are true properties? (Select all that apply.)"
C-IRLEVEL-005,graph_tensor_ir,C,Operator-level IR vs. Loop / Tensor-expression IR,multiple,concept_boundary,3,systems,agent_reviewed,1,B|C|D,"Which of the following statements correctly distinguish operator-level IR (e.g., XLA HLO, ONNX) from loop-/tensor-expression-level IR (e.g., TVM TensorIR, MLIR linalg or affine)? (Select all that apply.)"
C-IRLEVELS-019,graph_tensor_ir,C,Three-layer IR relationship (Graph / Tensor / Loop),multiple,concept_boundary,3,systems,agent_reviewed,1,B|C|D,"In a typical deep learning compiler organized around three IR layers — graph-level (e.g., XLA HLO, TVM Relax), tensor-expression-level (e.g., linalg-on-tensor, TensorIR), and loop-level (affine, scf, low-level loop IR) — which statements are correct about their respective roles? (Select all that apply.)"
C-LAYOUT-002,graph_tensor_ir,C,Layout / Stride / View vs. materialization,single,ir_transformation,4,implementation,agent_reviewed,1,B,"A 4-D tensor `x` has shape `[N=16, C=3, H=224, W=224]` and NCHW-contiguous strides `[150528, 50176, 224, 1]`. Consider producing a same-shape tensor with strides `[150528, 1, 672, 3]` (the standard `torch.channels_last` layout for NCHW-shaped tensors). Which statement about this transformation is correct?"
C-LAYOUTOPT-026,graph_tensor_ir,C,Layout selection / transformation cost,single,concept_boundary,3,systems,agent_reviewed,2,C,"A graph-level pass considers inserting an NCHW->NHWC (channels-last) layout conversion before a convolution because the target GPU's convolution kernel is more efficient in channels-last. Which statement most correctly frames the decision?"
C-LEGALIZE-008,graph_tensor_ir,C,Dialect conversion / Legalization / ConversionTarget,single,ir_transformation,3,implementation,agent_reviewed,2,A,"A pipeline lowers `mydialect.matmul` on `tensor<?x?xf32>` into a `func.call @extern_gemm` on `memref<?x?xf32>`, using MLIR's Dialect Conversion framework. Which statement most accurately characterizes the role of the ConversionTarget and TypeConverter here?"
C-LICM-001,graph_tensor_ir,C,Loop-invariant code motion / Aliasing,single,ir_transformation,3,implementation,agent_reviewed,1,B,"Consider the loop before and after loop-invariant code motion (LICM):  BEFORE: ``` for i in 0..N:   a[i] = b[i] + (c[0] * d[0])   # (c[0] * d[0]) is loop-invariant ``` AFTER: ``` t = c[0] * d[0] for i in 0..N:   a[i] = b[i] + t ``` Which condition is required for this transformation to be semantics-preserving?"
C-LINALG-030,graph_tensor_ir,C,MLIR linalg.generic semantics,multiple,ir_transformation,4,implementation,agent_reviewed,1,A|B|C,"Consider the `linalg.generic` op below expressing a matmul-like reduction. Which of the following statements about its semantics are correct? (Select all that apply.)"
C-LOOPIR-023,graph_tensor_ir,C,Loop-level IR: affine analysis and loop reordering,single,ir_transformation,4,implementation,agent_reviewed,1,D,"Consider the loop nest below (loop-level IR). The pass wants to interchange the `i` and `j` loops. Which condition is required for the swap to preserve semantics?"
C-LOWER-007,graph_tensor_ir,C,Multi-level lowering: linalg -> loops -> memref,single,ir_transformation,3,implementation,agent_reviewed,1,B,"The IR is progressively lowered from linalg-on-tensor to explicit scf loops on memref. Which of the following best describes the intent of this lowering chain?"
C-MATERIALIZE-027,graph_tensor_ir,C,Materialization semantics in tensor IR,single,precise_definition,2,implementation,agent_reviewed,1,D,"Which of the following is the most precise definition of 'materialization' in a tensor IR?"
C-OPIR-028,graph_tensor_ir,C,Operator-level IR examples and features,multiple,concept_boundary,2,systems,agent_reviewed,1,A|B|D,"Which of the following statements about operator-level (graph-level) IRs used in production ML compilers are correct? (Select all that apply.)"
C-PROD-017,graph_tensor_ir,C,Producer / Consumer relation and fusion boundary,single,concept_boundary,3,implementation,agent_reviewed,1,C,"Two ops form a producer-consumer relation: op P produces tensor `t`, op C consumes `t`. Which condition is generally required for fusing P and C into a single kernel that avoids materializing `t` in memory?"
C-REGION-021,graph_tensor_ir,C,MLIR Region and structured control flow,single,precise_definition,2,textbook,agent_reviewed,1,A,"In MLIR, structured control-flow operations such as `scf.for` and `scf.if` carry Regions in their operands' operations. Which statement most accurately characterizes the role of a Region in this design?"
C-SHAPE-004,graph_tensor_ir,C,Static shape specialization / Dynamic vs. symbolic shape,single,ir_transformation,3,systems,agent_reviewed,1,C,"Consider the following graph-level IR transformation where a symbolic-shape function is specialized to concrete shapes at compile time:  BEFORE (symbolic): ``` func f(x : Tensor[N, K, f16], w : Tensor[K, M, f16]) -> Tensor[N, M, f16]:     return matmul(x, w) ``` AFTER (specialized to N=32, K=4096, M=4096): ``` func f_32x4096x4096(x : Tensor[32, 4096, f16], w : Tensor[4096, 4096, f16]) -> Tensor[32, 4096, f16]:     return matmul(x, w) ``` Which statement about this specialization is correct?"
C-SHAPEINFER-029,graph_tensor_ir,C,Shape inference in graph IR,single,concept_boundary,3,implementation,agent_reviewed,2,B,"A graph-IR pass performs shape inference on the following computation, where `N` and `D` are symbolic and `x`, `w` are inputs. Which statement most accurately describes what shape inference can and cannot conclude?"
C-SSA-003,graph_tensor_ir,C,SSA / Functionalization of in-place tensor mutations,single,ir_transformation,3,implementation,agent_reviewed,1,B,"A compiler ingests the following pseudo-IR fragment (with an in-place op) and converts it to a functional / SSA form before running fusion, DCE, and CSE:  BEFORE (imperative, in-place): ``` %x = ... aten::mul_(%x, 2.0)     # in-place: mutates %x %y = aten::add(%x, 1.0) return %y ``` AFTER (functionalized): ``` %x0 = ... %x1 = aten::mul(%x0, 2.0)   # non-mutating %y  = aten::add(%x1, 1.0) return %y ``` Which statement best explains why compilers perform this functionalization?"
C-STABLEHLO-014,graph_tensor_ir,C,StableHLO / dynamic shape / bounds,multiple,ir_transformation,3,systems,agent_reviewed,1,A|C,"Consider StableHLO as a portable, framework-independent operator set. Which of the following statements about StableHLO's design regarding shapes and portability are correct? (Select all that apply.)"
C-STRIDE-020,graph_tensor_ir,C,Stride / indexing formula,single,precise_definition,3,implementation,agent_reviewed,2,A,"A tensor `x` has shape `[4, 3, 5]` and strides `[15, 0, 1]` (with element-stride units). The middle dim has stride 0 — a common encoding for broadcast. What is the linear element offset for `x[2, 1, 3]`, and what does the zero stride imply about physical storage?"
C-SYMSHAPE-018,graph_tensor_ir,C,Symbolic shape vs. dynamic shape,single,concept_boundary,3,implementation,agent_reviewed,2,C,"In a tensor compiler, 'symbolic shape' and 'dynamic shape' are related but distinct concepts. Which pair of characterizations is correct?"
C-TE-022,graph_tensor_ir,C,Tensor Expression as a compute description,single,precise_definition,2,textbook,agent_reviewed,2,C,"In Halide/TVM, a Tensor Expression describes computation such as `C[i, j] = tvm.sum(A[i, k] * B[k, j], axis=k)`. Which statement most accurately captures what a Tensor Expression is?"
C-TILING-011,graph_tensor_ir,C,Tensor Expression / Compute-Schedule separation (Halide-style),single,ir_transformation,3,implementation,agent_reviewed,2,A,"The following pseudo-schedule tiles the outer two loops of a matmul TE. Which of the following most accurately captures the effect of the schedule on the compute expression and the generated loop nest?"
C-TYPECONV-024,graph_tensor_ir,C,Type conversion in dialect conversion,single,ir_transformation,4,implementation,agent_reviewed,1,B,"A partial conversion legalizes ops in a tensor-typed IR to a memref-typed IR, but some ops in the same function are legal (or must remain) at the tensor level. What is the role of the TypeConverter's `addSourceMaterialization` and `addTargetMaterialization` hooks in making this work?"
C-VERIFY-009,graph_tensor_ir,C,IR verification / Op verifier,single,ir_transformation,3,implementation,agent_reviewed,2,D,"During a compiler pass, the following IR is produced and MLIR's verifier reports an error at the marked line. What is the most accurate diagnosis?"
C-VIEW-010,graph_tensor_ir,C,View vs. materialization / Reshape and transpose,single,ir_transformation,3,implementation,agent_reviewed,2,B,"A tensor `x` has shape `[2, 3, 4]` and NCHW-style contiguous strides `[12, 4, 1]`. Consider three requested operations against `x`:  (i) `x.transpose(1, 2)` — swap the middle two dims, producing shape `[2, 4, 3]`. (ii) `x.reshape(6, 4)` — combine the first two dims. (iii) `x.reshape(4, 6)` — combine dims of different fastest-varying orders.  Which statement correctly classifies each as a view (V) or a materialization (M)?"
D-AOT-004,pytorch_compiler,D,AOTAutograd / Functionalization of in-place ops,single,code_implementation,3,implementation,agent_reviewed,1,A,"Consider the compiled function below with an in-place op on an input tensor `x`. Which of the following best describes how AOTAutograd/functionalization treats `x.add_(1.0)` before Inductor codegen?"
D-AOTAG-011,pytorch_compiler,D,AOTAutograd joint forward+backward graph,single,code_implementation,3,implementation,agent_reviewed,2,C,"Consider the compiled model below with backward enabled. Which statement most accurately describes what AOTAutograd captures for this program?"
D-AOTI-020,pytorch_compiler,D,AOTInductor C++ artifact,single,precise_definition,3,systems,agent_reviewed,1,B,"Which statement most accurately describes what AOTInductor produces and how it is deployed?"
D-AOTIRT-021,pytorch_compiler,D,AOTInductor runtime behavior on shape mismatch,multiple,concept_boundary,4,systems,agent_reviewed,1,A|B|D,"An AOTInductor artifact was produced from an ExportedProgram with sequence dim declared dynamic via `Dim(""seq"", min=1, max=8192)`. Which statements about its runtime behavior are correct? (Select all that apply.)"
D-AUTODYN-009,pytorch_compiler,D,Automatic dynamic shape promotion,single,performance_diagnosis,3,systems,agent_reviewed,1,B,"A user compiles a function with defaults and calls it with sequence lengths 128, 256, 512, 1024, ...; the recompile log shows several size-specialized recompiles, then a message that a dim was auto-promoted to dynamic and no further recompiles for that dim occur. Which reading is most accurate?"
D-BREAK-005,pytorch_compiler,D,Data-dependent control flow / Graph break rewrite,single,code_implementation,3,implementation,agent_reviewed,1,C,"The following function produces a graph-break log when compiled. Which option both correctly identifies the cause and gives a valid Dynamo-tracable rewrite?"
D-BWSHAPE-033,pytorch_compiler,D,Backward graph shapes / joint graph partitioning,single,code_implementation,4,implementation,agent_reviewed,2,C,"Consider the compiled model below (a linear + activation + linear). Which best describes how AOTAutograd's partitioner typically decides which forward-pass activations to save for the backward and which to recompute?"
D-CACHE-024,pytorch_compiler,D,torch.compile compilation cache invalidation,multiple,concept_boundary,3,systems,agent_reviewed,1,A|B|C,"Which of the following changes are expected to cause a torch.compile cache miss (and thus a fresh compile) rather than being served from the compilation cache? (Select all that apply.)"
D-COMPILET-032,pytorch_compiler,D,Compile time vs. steady-state performance,single,performance_diagnosis,2,systems,agent_reviewed,2,A,"A user reports that a short-running script becomes slower under `torch.compile(mode='max-autotune')` than under eager mode, while a long-running training loop with the same model becomes faster with `torch.compile`. Which is the most likely explanation?"
D-COND-027,pytorch_compiler,D,torch.cond vs. torch.where,multiple,concept_boundary,3,implementation,agent_reviewed,1,A|C|D,"You have a data-dependent branch on a tensor value that causes a graph break. When choosing between `torch.where(cond, a, b)` and `torch.cond(cond, fn_true, fn_false, operands)` as a rewrite inside a compiled region, which statements are correct? (Select all that apply.)"
D-CPPBACK-017,pytorch_compiler,D,TorchInductor CPU C++ backend,multiple,concept_boundary,3,systems,agent_reviewed,1,A|C|D,"Which statements about TorchInductor's CPU C++ backend are correct? (Select all that apply.)"
D-CUSTOM-022,pytorch_compiler,D,Custom op registration + meta implementation,single,code_implementation,3,implementation,agent_reviewed,1,B,"A user registers a custom CUDA kernel via `torch.library` and calls it from a `torch.compile`d function. Which statement most accurately explains what the 'meta' (aka FakeTensor) implementation is for?"
D-DECOMP-012,pytorch_compiler,D,Decomposition of ATen ops in torch.compile,multiple,concept_boundary,3,implementation,agent_reviewed,1,A|C|D,"PyTorch 2's compile stack applies 'decompositions' that rewrite higher-level ATen ops into simpler primitive ops before Inductor codegen. Which statements about this decomposition are correct? (Select all that apply.)"
D-DYNAMIC-002,pytorch_compiler,D,Dynamic shape / Guard failure / Recompilation,single,performance_diagnosis,3,systems,agent_reviewed,1,D,"A user compiles the following function with the default `torch.compile(...)` and observes the `TORCH_LOGS=""recompiles""` output shown. Which diagnosis and fix pair is best supported?"
D-DYNAMO-001,pytorch_compiler,D,TorchDynamo / Graph break on Python side effect,single,code_implementation,3,implementation,agent_reviewed,1,D,"Given the following code and TorchDynamo log fragment, what is the most accurate description of the direct cause of the graph break and its immediate consequence?"
D-DYNKW-010,pytorch_compiler,D,torch.compile(dynamic=True vs. default),single,concept_boundary,3,systems,agent_reviewed,1,C,"Which comparison between `torch.compile(dynamic=True)` and the default (`dynamic=None`) behavior is most accurate?"
D-EXPCONS-019,pytorch_compiler,D,torch.export dynamic dim constraints,single,code_implementation,4,implementation,agent_reviewed,2,A,"Consider the export snippet below. Which best describes the exported program's accepted input space along the sequence dim?"
D-EXPORT-018,pytorch_compiler,D,torch.export produces an ExportedProgram,multiple,precise_definition,3,systems,agent_reviewed,2,A|B|D,"Which statements about `torch.export` and the `ExportedProgram` it produces are correct? (Select all that apply.)"
D-FAKE-026,pytorch_compiler,D,FakeTensor semantics,single,precise_definition,2,implementation,agent_reviewed,1,B,"Which statement most precisely defines a FakeTensor and its role in PyTorch 2?"
D-FALLBACK-025,pytorch_compiler,D,Eager fallback / ATen fallback for unsupported ops,single,code_implementation,3,implementation,agent_reviewed,1,B,"In the following compiled function, `weird_op` has no Inductor lowering but has a CUDA implementation in ATen. Which statement best describes what appears in the emitted code?"
D-FULL-028,pytorch_compiler,D,fullgraph=True error on graph break,single,code_implementation,2,implementation,agent_reviewed,1,B,"The following compiled function calls `print` inside the region. When compiled with `fullgraph=True`, what happens?"
D-FUNCT-013,pytorch_compiler,D,Functionalization of view + mutation,single,code_implementation,4,implementation,agent_reviewed,1,A,"The compiled function below mutates a view of `x`. Which best describes how functionalization handles the aliased mutation before Inductor codegen?"
D-FX-035,pytorch_compiler,D,FX Graph structure,multiple,precise_definition,2,implementation,agent_reviewed,1,B|C|D,"Which of the following statements about the FX Graph produced by TorchDynamo are correct? (Select all that apply.)"
D-GUARD-006,pytorch_compiler,D,TorchDynamo / Stride guard causing recompilation,single,performance_diagnosis,3,systems,agent_reviewed,2,B,"The user compiles the same shape but sometimes passes a contiguous tensor and sometimes a `.transpose(0,1)` view of it. TORCH_LOGS=""recompiles"" reports the excerpt shown. What is the most accurate reading?"
D-GUARDEXPR-034,pytorch_compiler,D,Guard expression on dim relations,single,code_implementation,4,systems,agent_reviewed,2,B,"The user compiles with `dynamic=True` and observes the guard message shown when they change from a divisible sequence length (64) to a non-divisible one (67). Which best interprets the guard and gives a valid remediation?"
D-INDUCTOR-003,pytorch_compiler,D,TorchInductor / Pointwise fusion,single,code_implementation,2,implementation,agent_reviewed,1,B,"Consider the following compiled function. `x` and `y` are CUDA FP32 tensors with identical shape `[1024, 1024]` and contiguous layout. Under standard PyTorch 2.3-2.5 defaults, roughly how many CUDA kernels does the compiled version launch per call, and why?"
D-MARK-007,pytorch_compiler,D,torch._dynamo.mark_dynamic,single,code_implementation,3,implementation,agent_reviewed,1,A,"Consider the following code. The intent is to compile once and reuse across several sequence lengths. Which statement best describes the behavior of `torch._dynamo.mark_dynamic`?"
D-MINIFIER-029,pytorch_compiler,D,Minifier / repro tool for torch.compile bugs,single,concept_boundary,3,systems,agent_reviewed,1,C,"A user hits a crash inside a compiled function and wants a minimal reproducer. Which statement best describes what TorchDynamo's minifier / repro tool does?"
D-MODE-031,pytorch_compiler,D,torch.compile modes: default, reduce-overhead, max-autotune,multiple,concept_boundary,3,systems,agent_reviewed,1,A|B|D,"Which statements about `torch.compile` `mode` presets are correct? (Select all that apply.)"
D-MUT-023,pytorch_compiler,D,Mutation on a captured non-input tensor,single,code_implementation,4,implementation,agent_reviewed,1,D,"Consider a compiled function that mutates a tensor stored in a global list (not an input argument). Which best describes torch.compile's treatment of this pattern?"
D-RECDIAG-030,pytorch_compiler,D,Excessive recompilation diagnosis,single,performance_diagnosis,3,systems,agent_reviewed,2,C,"A training loop shows dozens of recompiles per epoch. The user checked shapes and confirms they are constant, and the model class is not being redefined. The recompile log excerpt is shown. Which remediation is best supported by the log?"
D-REDUCE-014,pytorch_compiler,D,TorchInductor reduction + pointwise fusion (softmax),single,code_implementation,3,implementation,agent_reviewed,1,B,"Consider a compiled numerically-stable softmax over the last dim of a `[8, 4096]` FP32 tensor. Which best describes the kernel structure TorchInductor typically produces on CUDA?"
D-SCHED-015,pytorch_compiler,D,TorchInductor scheduler across a reduction boundary,single,performance_diagnosis,3,systems,agent_reviewed,1,B,"The Inductor scheduler log for the compiled function shows two kernels: one for the reduction and one for the pointwise chain that follows. The user expected a single fused kernel. Which diagnosis best explains why two kernels were emitted?"
D-SYMINT-008,pytorch_compiler,D,SymInt / symbolic integer propagation,single,precise_definition,3,implementation,agent_reviewed,2,A,"Which statement most precisely defines the role of a SymInt in PyTorch 2's dynamic-shape support?"
D-TRITON-016,pytorch_compiler,D,TorchInductor generated Triton kernel structure,single,code_implementation,3,implementation,agent_reviewed,2,B,"TorchInductor's generated Triton kernel (with `TORCH_LOGS=output_code`) for `y = x * 2 + 1` on a large 1-D tensor looks roughly like the sketch below. Which observation is most accurate about this generated code?"
E-HLO-018,mlir_tvm_xla,E,XLA / HLO — semantics of a matmul-add fragment,single,ir_transformation,3,implementation,agent_reviewed,1,B,"Consider the following HLO fragment. Which statement about its semantics is correct?"
E-IREE-025,mlir_tvm_xla,E,IREE / MLIR-based end-to-end compiler + runtime,single,systems_dataflow,3,systems,agent_reviewed,1,D,"Which statement about IREE's architecture is correct?"
E-IREERT-026,mlir_tvm_xla,E,IREE / Compiler-runtime separation and edge deployment,single,systems_dataflow,2,systems,agent_reviewed,1,C,"Which statement best captures the reason IREE cleanly separates its compiler and runtime?"
E-MLIRAFF-007,mlir_tvm_xla,E,MLIR / Affine dialect — affine maps, integer sets, loop nests,single,ir_transformation,3,implementation,agent_reviewed,1,D,"Consider the following two loop-nest fragments; which statement about their status in the MLIR `affine` dialect is correct?"
E-MLIRCONV-003,mlir_tvm_xla,E,MLIR / Dialect Conversion, Conversion Target, Type Converter,single,ir_transformation,3,implementation,agent_reviewed,1,C,"You want to convert `func.func` bodies containing `arith.addi` on `i32` to an `llvm.func` using LLVM Dialect. You configure a `ConversionTarget` marking `LLVMDialect` as legal, `arith.addi` as illegal, register conversion patterns, and set a `TypeConverter` mapping `i32 → i32`. Which statement about the resulting Dialect Conversion is correct?"
E-MLIRDIA-002,mlir_tvm_xla,E,MLIR / Dialect, Trait, Interface,multiple,concept_boundary,3,systems,agent_reviewed,2,A|B|D,"Which of the following statements about MLIR Dialects, Traits, and Interfaces are correct? (Select all that apply.)"
E-MLIRGPU-010,mlir_tvm_xla,E,MLIR / GPU dialect — kernel launch, memory space, workgroup semantics,single,ir_transformation,3,implementation,agent_reviewed,1,C,"Consider the MLIR fragment below. Which statement about the `gpu.launch_func` and the callee `@kernel` is correct?"
E-MLIRLIN-004,mlir_tvm_xla,E,MLIR / Linalg Dialect, generic ops, iterator types,single,ir_transformation,3,implementation,agent_reviewed,1,A,"Consider the following `linalg.generic` op operating on `%A: tensor<MxKxf32>`, `%B: tensor<KxNxf32>`, `%C: tensor<MxNxf32>`. Which statement describes what this op computes?"
E-MLIRMEM-009,mlir_tvm_xla,E,MLIR / MemRef dialect — strides, memory space, layout,single,precise_definition,3,implementation,agent_reviewed,1,B,"Consider the MLIR type `memref<4x8xf32, strided<[8, 1], offset: 0>, 3>`. Which interpretation is correct?"
E-MLIROP-001,mlir_tvm_xla,E,MLIR / Operation / Region / Block / Value / Type / Attribute,single,precise_definition,2,textbook,agent_reviewed,1,B,"In MLIR's structural model, which statement about Operation, Region, Block, Value, Type, and Attribute is correct?"
E-MLIRPASS-008,mlir_tvm_xla,E,MLIR / Pass, PassManager, nested pipelines,single,precise_definition,2,systems,agent_reviewed,1,A,"Which statement about MLIR PassManager and Pass scoping is correct?"
E-MLIRPAT-005,mlir_tvm_xla,E,MLIR / Pattern Rewrite, greedy driver, canonicalization,single,ir_transformation,3,implementation,agent_reviewed,1,D,"The IR below is fed to the MLIR canonicalization pass with the standard `arith` folder/patterns registered. Which output is correct?"
E-MLIRTYPE-006,mlir_tvm_xla,E,MLIR / Tensor, MemRef, Vector types,multiple,concept_boundary,3,systems,agent_reviewed,2,B|C,"Which statements about MLIR `tensor`, `memref`, and `vector` types are correct? (Select all that apply.)"
E-ONNXFMT-030,mlir_tvm_xla,E,ONNX / Interchange format vs high-performance runtime,multiple,concept_boundary,3,systems,agent_reviewed,1,A|B,"Which statements about ONNX as a model interchange format are correct? (Select all that apply.)"
E-ONNXOP-027,mlir_tvm_xla,E,ONNX / Operator Set, Opset versioning,single,precise_definition,2,textbook,agent_reviewed,1,C,"Which statement about ONNX opsets is correct?"
E-ONNXSHP-028,mlir_tvm_xla,E,ONNX / Shape inference — dynamic vs static shapes,single,precise_definition,2,implementation,agent_reviewed,1,D,"Which statement about ONNX shape inference and dynamic dimensions is correct?"
E-ONNXVER-029,mlir_tvm_xla,E,ONNX / Versioning, IR version vs Opset version,single,precise_definition,2,implementation,agent_reviewed,1,A,"Which statement correctly distinguishes ONNX's IR version from its opset version?"
E-STHLO-019,mlir_tvm_xla,E,StableHLO / Operator set stability and framework/compiler portability,single,concept_boundary,2,systems,agent_reviewed,1,B,"Which statement best describes the design purpose of StableHLO?"
E-STHLOPORT-024,mlir_tvm_xla,E,StableHLO / Framework-compiler portability design intent,single,paper_design_intent,3,research,agent_reviewed,1,A,"Which statement best captures the design rationale for putting a stable, versioned operator set (StableHLO) at the framework-compiler boundary?"
E-TVMEXT-016,mlir_tvm_xla,E,TVM / External library integration — BYOC, extern ops,single,systems_dataflow,3,systems,agent_reviewed,1,C,"Which statement about how TVM integrates external libraries (e.g., cuBLAS, cuDNN, TensorRT) into a Relax program is correct?"
E-TVMFUS-015,mlir_tvm_xla,E,TVM / Operator fusion — graph-level and tensor-level,multiple,concept_boundary,3,systems,agent_reviewed,1,A|B,"Which statements about operator fusion in TVM are correct? (Select all that apply.)"
E-TVMMETA-014,mlir_tvm_xla,E,TVM / MetaSchedule — search-based auto-tuning,single,concept_boundary,3,systems,agent_reviewed,1,C,"Which statement about TVM's MetaSchedule is correct?"
E-TVMRLX-011,mlir_tvm_xla,E,TVM / Relax vs Relay — design motivation,single,paper_design_intent,3,research,agent_reviewed,1,C,"Which statement best captures the design motivation behind Relax over the older Relay IR in TVM Unity?"
E-TVMSCH-013,mlir_tvm_xla,E,TVM / TensorIR schedule primitives — split, bind, cache_read,multiple,ir_transformation,3,implementation,agent_reviewed,2,B|C|D,"You have a TensorIR PrimFunc computing `C = A + B` with a single loop `for i in range(N)`. Which of the following schedule sequences are consistent with the semantics of TensorIR schedule primitives? (Select all that apply.)"
E-TVMTIR-012,mlir_tvm_xla,E,TVM / TensorIR PrimFunc — compute + schedule separation,single,precise_definition,2,systems,agent_reviewed,1,C,"Which statement about TVM TensorIR PrimFunc is correct?"
E-TVMVM-017,mlir_tvm_xla,E,TVM / Relax VM runtime — dynamic execution model,single,systems_dataflow,3,systems,agent_reviewed,1,D,"Which statement about the Relax VM in TVM is correct?"
E-XLABUF-021,mlir_tvm_xla,E,XLA / Buffer assignment, aliasing, in-place operations,single,systems_dataflow,3,systems,agent_reviewed,1,A,"Which statement about XLA's buffer assignment pass is correct?"
E-XLAFUS-020,mlir_tvm_xla,E,XLA / Fusion — kinds and boundaries,multiple,concept_boundary,3,systems,agent_reviewed,1,A|B,"Which statements about XLA's operator fusion are correct? (Select all that apply.)"
E-XLASHP-022,mlir_tvm_xla,E,XLA / Static vs dynamic shape handling,multiple,concept_boundary,3,systems,agent_reviewed,2,A|C|D,"Which statements about static vs dynamic shape handling in XLA / StableHLO are correct? (Select all that apply.)"
E-XLASPMD-023,mlir_tvm_xla,E,XLA SPMD / GSPMD — sharding annotations and automatic parallelization,single,systems_dataflow,3,systems,agent_reviewed,1,B,"Which statement about XLA SPMD partitioning (GSPMD) is correct?"
F-ATOMIC-032,cuda_triton_kernel,F,CUDA / Atomic operations — semantics and contention,single,code_implementation,3,implementation,agent_reviewed,1,A,"Consider two CUDA reduction kernels: (X) each thread does `atomicAdd(&out[0], x[i])` for one element; (Y) each thread block reduces its region locally via shared-memory tree then does one `atomicAdd(&out[0], partial)`. Which statement about their behavior is correct?"
F-ATTN-022,cuda_triton_kernel,F,CUDA / Attention — naive scaled dot-product vs materialized attention matrix,single,systems_dataflow,3,implementation,agent_reviewed,1,D,"In a naive scaled-dot-product attention `O = softmax(Q K^T / sqrt(d)) V` implemented as three separate kernels (compute S = QK^T, materialize P = softmax(S), compute O = PV), Q/K/V/O are FP16 with shape `[B, H, S, D]`. Which statement about memory traffic on A100 is correct?"
F-AUTOTUNE-008,cuda_triton_kernel,F,Triton / triton.autotune and configuration search,multiple,code_implementation,3,implementation,agent_reviewed,1,A|D,"Consider the Triton autotuned matmul-like kernel below. Which statements about `triton.autotune` are correct? (Select all that apply.)"
F-BANK-003,cuda_triton_kernel,F,Shared memory bank conflicts / Matrix transpose,single,code_implementation,3,implementation,agent_reviewed,1,B,"Consider the following CUDA matrix-transpose kernel using shared memory, launched with `blockDim = (32, 32)` and `gridDim = (N/32, N/32)` on sm_80. Which statement about shared-memory bank conflicts is correct?"
F-BARRIER-033,cuda_triton_kernel,F,CUDA / Synchronization — __syncthreads vs __syncwarp,single,precise_definition,2,implementation,agent_reviewed,1,D,"Which statement about `__syncthreads()` and `__syncwarp()` in CUDA is correct?"
F-BENCH-039,cuda_triton_kernel,F,Triton / Correctness testing and benchmarking discipline,multiple,code_implementation,3,systems,agent_reviewed,2,C|D,"Which practices are correct for testing and benchmarking a Triton kernel `my_kernel` versus a PyTorch reference on GPU? (Select all that apply.)"
F-BLOCKPTR-007,cuda_triton_kernel,F,Triton / tl.make_block_ptr and block pointers,single,code_implementation,3,implementation,agent_reviewed,1,C,"Which statement about `tl.make_block_ptr` in the following Triton kernel is correct?"
F-CGRAPH-025,cuda_triton_kernel,F,CUDA / CUDA Graph — capture, instantiation, launch overhead,single,systems_dataflow,3,systems,agent_reviewed,1,A,"Which statement about CUDA Graphs is correct?"
F-COALESCE-002,cuda_triton_kernel,F,Coalesced access / Global-memory strided reads,single,code_implementation,3,implementation,agent_reviewed,1,D,"The Triton kernel below reads FP32 values from `in_ptr` with a compile-time stride and writes them to `out_ptr` (dense). Launch config: BLOCK=256, stride=8, `in` is a contiguous FP32 tensor of length `N*stride`. On sm_80 (A100), which is the primary performance issue for the load?"
F-CONSTEXPR-010,cuda_triton_kernel,F,Triton / tl.constexpr specialization and re-compilation,single,code_implementation,2,implementation,agent_reviewed,1,D,"Consider the Triton kernel signature below. Which statement about the difference between `N` and `BLOCK` is correct?"
F-CONSTMEM-036,cuda_triton_kernel,F,CUDA / Constant memory,single,precise_definition,2,textbook,agent_reviewed,1,D,"Which statement about CUDA `__constant__` memory is correct?"
F-CORRECT-040,cuda_triton_kernel,F,Triton / Differential correctness testing under FP non-associativity,single,code_implementation,3,implementation,agent_reviewed,1,C,"You wrote a Triton FP16-in/FP32-accumulate matmul kernel and compare its FP32 output against `torch.matmul(a.float(), b.float())` (also FP32). You observe max absolute error ~5e-3 and max relative error ~1e-3 on random inputs with K=4096. Which conclusion is best supported?"
F-CPASYNC-027,cuda_triton_kernel,F,CUDA / cp.async and asynchronous global-to-shared copies,single,precise_definition,3,implementation,agent_reviewed,1,A,"Which statement about `cp.async` (introduced in Ampere / sm_80) is correct?"
F-DIVERGE-029,cuda_triton_kernel,F,CUDA / Warp divergence — cost and mitigation,multiple,code_implementation,3,implementation,agent_reviewed,2,B|C|D,"Which statements about intra-warp branch divergence are correct? (Select all that apply.)"
F-DOTPROD-004,cuda_triton_kernel,F,Triton reduction with atomic accumulation,multiple,code_implementation,3,implementation,agent_reviewed,1,A|B|C,"Consider the Triton kernel below computing a global FP32 dot product via per-block partials accumulated with `tl.atomic_add` into a single-element output `out`. Assume `x, y` are FP32 contiguous CUDA tensors of length N, and the caller sets `out` to 0 before launching. Which of the following statements are correct? (Select all that apply.)"
F-FLASHATTN-023,cuda_triton_kernel,F,CUDA / FlashAttention — tiling and IO-awareness,multiple,code_implementation,4,research,agent_reviewed,2,C|D,"The Triton FlashAttention-forward inner loop iterates over K/V tiles for a fixed Q tile, using an online-softmax running (m, l, acc) state. Which statements about the algorithm are correct? (Select all that apply.)"
F-GEMMFP16-015,cuda_triton_kernel,F,Triton GEMM / FP16 inputs, FP32 accumulation,multiple,code_implementation,3,implementation,agent_reviewed,2,B|C,"Consider the Triton GEMM inner loop below. Which statements about the `tl.dot` call and accumulator precision are correct? (Select all that apply.)"
F-GEMMSM-014,cuda_triton_kernel,F,CUDA GEMM / Shared-memory tiling — tile shape and reuse,single,formula_performance,3,implementation,agent_reviewed,1,B,"In a shared-memory tiled FP32 GEMM using thread-block tile size `BM × BN × BK` (with A tile `BM × BK` and B tile `BK × BN`), the number of GMEM bytes loaded per output tile and the number of FMA ops per output tile determine the arithmetic intensity. For a `128 × 128 × 32` thread-block tile, which statement is correct?"
F-GEMV-013,cuda_triton_kernel,F,CUDA / GEMV — row-parallel dot product with warp reduction,single,code_implementation,3,implementation,agent_reviewed,1,D,"The CUDA GEMV kernel below computes `y = A @ x` for a row-major FP32 matrix `A` of shape [M, K] and vector `x` of length K. Launch: `gridDim = (M,)`, `blockDim = (32,)` (one warp per row). Which statement about performance on sm_80 is correct?"
F-KVCACHE-024,cuda_triton_kernel,F,CUDA / KV Cache access pattern in decode-phase attention,single,systems_dataflow,3,systems,agent_reviewed,1,B,"During LLM decoding (one new token per step), the attention kernel loads Q (only 1 token) and reads the full KV Cache. Which statement about the memory-access pattern is correct?"
F-LAUNCH-038,cuda_triton_kernel,F,CUDA / Launch configuration limits,single,precise_definition,2,textbook,agent_reviewed,1,C,"For a compute-capability 8.0 (A100) GPU, which of the following kernel launch configurations is legal?"
F-LN-020,cuda_triton_kernel,F,CUDA / LayerNorm — welford / two-pass mean-variance,single,code_implementation,3,implementation,agent_reviewed,2,C,"The Triton LayerNorm kernel below is fused into a single pass per row (mean, variance, and normalization all inside one program). Which statement about this pattern is correct?"
F-MMA-016,cuda_triton_kernel,F,CUDA / mma.sync — matrix operand layout and warp-level cooperation,single,precise_definition,3,implementation,agent_reviewed,1,C,"Which statement about a Tensor Core `mma.sync` instruction (e.g., `mma.sync.aligned.m16n8k16.row.col.f32.f16.f16.f32`) is correct?"
F-OCC-030,cuda_triton_kernel,F,CUDA / Occupancy limiters — registers, SMEM, block size,single,formula_performance,3,systems,agent_reviewed,1,A,"On A100 (sm_80: 65536 registers/SM, 164 KB SMEM/SM configurable, max 2048 threads/SM, max 32 blocks/SM), a kernel uses 96 registers per thread, 32 KB SMEM per block, and 256 threads per block. Which statement about the resulting occupancy per SM is correct?"
F-ONLINE-021,cuda_triton_kernel,F,CUDA / Online softmax — tile-wise running max and sum,single,code_implementation,4,research,agent_reviewed,1,A,"The online-softmax recurrence processes a row of length N in tiles of size B (with T = N/B tiles). Let `(m_t, s_t)` be the running (max, sum-of-exp-with-max-subtracted) after tile t. Which update rule is correct when a new tile `x_new` (of size B) with local max `m_new` and local sum `s_new = sum(exp(x_new - m_new))` arrives?"
F-OTHER-009,cuda_triton_kernel,F,Triton / tl.load `other` parameter semantics,single,code_implementation,2,implementation,agent_reviewed,1,B,"You want to compute the *maximum* value of an FP32 tensor `x` of length N via a per-block reduction in Triton. Which value should be passed to `other` in `tl.load` at the tail to preserve correctness?"
F-PERSIST-037,cuda_triton_kernel,F,CUDA / Persistent kernel pattern,single,systems_dataflow,3,systems,agent_reviewed,1,A,"Which statement about the 'persistent kernel' pattern is correct?"
F-RACE-034,cuda_triton_kernel,F,CUDA / Race conditions on shared memory,single,code_implementation,3,implementation,agent_reviewed,1,A,"The kernel below is intended to compute `y[tid] = x[tid-1] + x[tid]` (with `y[0] = x[0]`) using shared memory. Identify the correctness issue."
F-REDUCE-011,cuda_triton_kernel,F,CUDA / Warp-level reduction using shuffle intrinsics,single,code_implementation,3,implementation,agent_reviewed,1,A,"Consider the following CUDA warp-reduction snippet inside a kernel where every thread of a warp holds a partial value in `val`. Which statement is correct?"
F-REGSPILL-031,cuda_triton_kernel,F,CUDA / Register spill and local memory,single,concept_boundary,3,systems,agent_reviewed,1,A,"In CUDA, when nvcc reports register spilling to 'local memory', which statement is correct?"
F-RMS-005,cuda_triton_kernel,F,Triton RMSNorm / Launch configuration and register pressure,single,code_implementation,3,implementation,agent_reviewed,1,B,"Consider the Triton row-parallel RMSNorm kernel below launched with `grid = (M,)` (one program per row), BLOCK=4096, N=4096. Which assessment is correct?"
F-SCAN-012,cuda_triton_kernel,F,CUDA / Prefix scan (Hillis-Steele vs Blelloch),single,code_implementation,3,implementation,agent_reviewed,1,A,"Consider the two parallel inclusive-scan patterns below over a warp/block of N=32 threads. Which statement about the two algorithms is correct?"
F-SOFTMAX-019,cuda_triton_kernel,F,CUDA / Softmax — numerical stability (subtract max),single,code_implementation,3,implementation,agent_reviewed,2,C,"The Triton row-parallel softmax kernel below computes `y[m, :] = softmax(x[m, :])`. Which statement about the design is correct?"
F-STREAM-026,cuda_triton_kernel,F,CUDA / Stream, Event, and asynchronous ordering,multiple,code_implementation,2,implementation,agent_reviewed,2,C|D,"Which statements about CUDA streams and events are correct? (Select all that apply.)"
F-TCORE-018,cuda_triton_kernel,F,Tensor Core / dtypes and per-architecture support,single,precise_definition,3,systems,agent_reviewed,1,C,"Which statement about Tensor Core dtype support across NVIDIA architectures is correct?"
F-TEXTURE-035,cuda_triton_kernel,F,CUDA / Texture and __ldg (read-only) path,single,concept_boundary,3,systems,agent_reviewed,1,B,"Which statement about the CUDA texture / read-only cache path (accessed via `__ldg`, texture objects, or `__restrict__` const pointers) is correct?"
F-TLPGM-006,cuda_triton_kernel,F,Triton / program_id and 2D launch grid,single,code_implementation,2,implementation,agent_reviewed,1,A,"The 2D Triton kernel below copies a row-major FP32 tensor of shape [M, N] with M=2048, N=1024. Launch: `grid = (triton.cdiv(M, BM), triton.cdiv(N, BN))`, `BM=32`, `BN=128`. Which statement about program (pid_m=17, pid_n=3) is correct?"
F-TRITON-001,cuda_triton_kernel,F,Triton / Mask and boundary handling,single,code_implementation,2,implementation,agent_reviewed,1,D,"Consider the Triton vector-add kernel below launched with grid = (triton.cdiv(N, BLOCK),), BLOCK=1024, N=1_000_000, and 1-D contiguous FP32 CUDA inputs `x`, `y`, `out` of length N. Which statement about the last program (pid = 976) is correct?"
F-WARP-028,cuda_triton_kernel,F,CUDA / Warp size, warp scheduling, and SIMT execution,single,precise_definition,2,textbook,agent_reviewed,1,A,"Which statement about NVIDIA warp execution is correct?"
F-WMMA-017,cuda_triton_kernel,F,CUDA / WMMA C++ API vs mma.sync PTX,single,concept_boundary,2,implementation,agent_reviewed,1,C,"Which statement about `nvcuda::wmma` (CUDA C++ API) vs raw `mma.sync` (PTX) is correct?"
G-ANSOR-024,graph_opt_schedule,G,Ansor / Design intent,single,paper_design_intent,4,research,agent_reviewed,1,A,"The Ansor paper (OSDI 2020) makes several design choices that distinguish it from prior work like AutoTVM and Halide autoscheduler. Which best describes Ansor's central design intent?"
G-AUTOTUNE-021,graph_opt_schedule,G,Autotuning / Measurement methodology,single,performance_diagnosis,3,systems,agent_reviewed,1,D,"An autotuner picks different 'best' configs across two consecutive runs. Single-config replay shows both configs measure at 0.42 ± 0.03 ms. Which is the most likely root cause and appropriate fix?"
G-BUDGET-029,graph_opt_schedule,G,Compilation budget / Runtime speedup trade-off,multiple,concept_boundary,3,systems,agent_reviewed,2,A|B|D,"A compiler exposes a knob 'tuning budget' (compilation time spent tuning) that trades off against runtime speed. Which statements about the trade-off are TRUE? (Select all that apply.)"
G-CFCSE-017,graph_opt_schedule,G,Constant folding / CSE / DCE / IR rewrite,single,ir_transformation,2,textbook,agent_reviewed,2,B,"Which sequence of classical optimizations transforms the 'Before' IR into the 'After' IR, and is the rewrite semantics-preserving?"
G-COSTMODEL-020,graph_opt_schedule,G,Cost model / Real measurement gap,multiple,concept_boundary,3,research,draft,2,B|C,"Modern autotuning frameworks (Ansor, MetaSchedule, AutoTVM) use cost models to prune the search space before actual measurement. Which of the following make a static analytical cost model DIVERGE from the measured wall-clock runtime? (Select all that apply.)"
G-FUSION-001,graph_opt_schedule,G,Operator fusion / Vertical vs. horizontal vs. epilogue,single,precise_definition,2,textbook,agent_reviewed,1,C,"In deep-learning compilers, three commonly discussed fusion patterns are 'vertical', 'horizontal', and 'epilogue' fusion. Which description matches all three correctly?"
G-FUSION-002,graph_opt_schedule,G,Operator fusion / Producer-consumer legality,single,concept_boundary,3,implementation,agent_reviewed,1,D,"A compiler considers fusing producer `T = f(A)` (pointwise) into consumer `Y = reduce_sum(T, axis=1)`. It observes that `T` is also consumed by a second, independent op `Z = g(T)` (pointwise). Which statement about this vertical fusion is correct?"
G-FUSION-003,graph_opt_schedule,G,Operator fusion / Fusion boundary,multiple,concept_boundary,3,implementation,draft,1,A|B|D,"Which of the following are legitimate fusion-boundary conditions that a deep-learning compiler must respect? (Select all that apply.)"
G-FUSION-004,graph_opt_schedule,G,Operator fusion / GEMM epilogue,single,ir_transformation,3,implementation,agent_reviewed,1,B,"The IR above shows a GEMM followed by a bias-add and GELU, and a proposed rewrite that folds them into a matmul epilogue. Which condition is required for the rewrite to be legal AND to deliver the intended memory-traffic benefit?"
G-FUSION-005,graph_opt_schedule,G,Operator fusion / Register-pressure regression,single,performance_diagnosis,4,systems,agent_reviewed,2,C,"A compiler fuses a 4-op pointwise chain with a downstream reduction into a single kernel on sm_80. Nsight Compute and ptxas outputs are above. The fused kernel is slower. Which is the best-supported explanation?"
G-HALIDE-025,graph_opt_schedule,G,Halide / Compute-schedule separation,single,paper_design_intent,4,research,agent_reviewed,1,D,"The Halide paper (PLDI 2013) is famous for separating a program's algorithm (the pure functional description of what to compute) from its schedule (the description of how to compute it — loop order, tiling, storage granularity, parallelism). Which best captures the paper's design intent behind this separation?"
G-INDUCTOR-027,graph_opt_schedule,G,TorchInductor scheduler / Fusion decisions,single,performance_diagnosis,3,systems,agent_reviewed,1,A,"The TorchInductor scheduler log above shows a pointwise chain fused but the subsequent reduction not fused with it. Given only this log, what is the most accurate reading of the scheduler's decision?"
G-KERNSEL-019,graph_opt_schedule,G,Kernel selection,single,precise_definition,2,textbook,agent_reviewed,1,B,"In deep-learning compilers, 'kernel selection' typically refers to which activity?"
G-LAYOUT-014,graph_opt_schedule,G,Layout transformation / NCHW vs. NHWC on GPU,single,performance_diagnosis,3,systems,agent_reviewed,1,C,"Switching the tensor layout from NCHW to NHWC for a Conv2D on Ampere doubles Tensor Core utilization in the profile above. Which explanation is most accurate?"
G-LOOPFISS-007,graph_opt_schedule,G,Loop fission / Motivations and pitfalls,multiple,concept_boundary,3,implementation,agent_reviewed,1,B|C|D,"Loop fission (loop distribution) splits one loop body into two loops with the same iteration space. Which of the following are legitimate motivations for loop fission in a numerical / tensor pipeline? (Select all that apply.)"
G-LOOPFUSE-006,graph_opt_schedule,G,Loop fusion / Legality by dependence,single,ir_transformation,3,implementation,agent_reviewed,1,A,"The proposed fusion above tries to combine a producer loop and a consumer loop into one. Is the fused loop semantically equivalent to the original, and why?"
G-MEMPLAN-015,graph_opt_schedule,G,Memory planning / Buffer reuse,single,precise_definition,2,textbook,agent_reviewed,1,D,"In a static tensor-program compiler (e.g., XLA, TVM Relax, TensorRT), 'memory planning' with 'buffer reuse' refers to which activity?"
G-METASCHED-023,graph_opt_schedule,G,MetaSchedule / Design intent,multiple,paper_design_intent,4,research,agent_reviewed,1,A|B|C,"The MetaSchedule / Ansor design line replaced hand-written schedule templates with an automatic pipeline. Which of the following are TRUE about the design motivations of that line? (Select all that apply.)"
G-PARALLEL-013,graph_opt_schedule,G,Parallelization / Legality,multiple,concept_boundary,3,implementation,agent_reviewed,1,A|C|D,"Which of the following are TRUE preconditions for a compiler to legally parallelize a loop's iterations (e.g., `#pragma omp parallel for`, or emit them as independent CUDA threads/blocks)? (Select all that apply.)"
G-PORTABILITY-026,graph_opt_schedule,G,Performance portability / Scope of claims,multiple,concept_boundary,4,research,agent_reviewed,2,A|C|D,"A compiler team claims that its scheduler achieves 'performance portability' across CPU, NVIDIA GPU, and AMD GPU targets for a workload. Which of the following are TRUE about the scope and preconditions of such a claim? (Select all that apply.)"
G-RECOMP-016,graph_opt_schedule,G,Recomputation / Activation checkpointing,multiple,concept_boundary,3,systems,agent_reviewed,1,A|B|E,"Activation recomputation (a.k.a. gradient / activation checkpointing) trades extra forward FLOPs at backward time for reduced peak activation memory. Which of the following statements about the trade-off are TRUE? (Select all that apply.)"
G-REORDER-010,graph_opt_schedule,G,Loop reordering / GEMM ikj vs. ijk,single,ir_transformation,3,implementation,agent_reviewed,1,D,"Two loop orderings of naive GEMM are shown. All matrices are row-major FP32. Compared to Order 1 (ijk), which correctly describes Order 2 (ikj)?"
G-SEARCHSP-022,graph_opt_schedule,G,Template-based vs. template-free schedule search,single,concept_boundary,3,research,agent_reviewed,1,C,"AutoTVM (template-based) and Ansor (template-free) both search for a good schedule of a tensor program, but they differ in what constitutes the search space. Which contrast is correct?"
G-SHAPESPEC-018,graph_opt_schedule,G,Shape specialization / Dynamic shape,multiple,concept_boundary,3,systems,agent_reviewed,1,A|B|E,"Consider a compiler that must handle both fully shape-specialized compilation (one compiled artifact per shape combination) and dynamic-shape compilation (one artifact valid across a shape range). Which of the following statements are TRUE? (Select all that apply.)"
G-TILE-008,graph_opt_schedule,G,Tiling / Cache-blocking sizing,single,formula_performance,3,implementation,agent_reviewed,1,D,"A GEMM inner kernel `C_tile += A_tile * B_tile` uses square tiles of size `T×T` (FP32) for all three matrices. The target on-chip buffer (L1 cache line budget or GPU shared memory partition) available for this kernel is 48 KB. What is the largest tile size `T` (integer) such that the three tiles fit simultaneously in the 48 KB budget?"
G-TILE-009,graph_opt_schedule,G,Tiling / Too-small vs. too-large trade-offs,single,performance_diagnosis,3,systems,agent_reviewed,1,A,"An autotuned GEMM tile of block=128×128 is optimal at M=N=K=4096 but regresses to 34% TC utilization at M=N=K=1024. Retuning with block=64×64 recovers to 71%. Which trade-off is the primary cause?"
G-TRANSFERTUNE-030,graph_opt_schedule,G,Transfer tuning / When learned cost model transfers,single,performance_diagnosis,3,research,agent_reviewed,1,B,"The transfer-tuning experiment above shows that reusing a tuned cost model helps in some cases but not others. Which is the best-supported explanation?"
G-TVMSCHED-028,graph_opt_schedule,G,TensorIR / Schedule primitives,multiple,ir_transformation,3,implementation,agent_reviewed,2,B|C|D,"Which of the following statements about the TensorIR schedule primitives above are TRUE? (Select all that apply.)"
G-UNROLL-011,graph_opt_schedule,G,Loop unrolling / When it hurts,single,concept_boundary,3,implementation,agent_reviewed,2,D,"Loop unrolling is often described as a 'free' optimization that reduces loop-overhead instructions. Which situation most clearly illustrates when unrolling is counter-productive?"
G-VECTOR-012,graph_opt_schedule,G,Vectorization / Preconditions,single,code_implementation,3,implementation,agent_reviewed,1,B,"The loop above is a candidate for 8-lane FP32 SIMD vectorization on an AVX2-like unit. Which is the correct summary of its vectorizability?"
H-ACCUM-007,quantization,H,Accumulation precision / Mixed precision Tensor Core,multiple,concept_boundary,3,implementation,agent_reviewed,2,A|C|D,"Regarding mixed-precision GEMM on NVIDIA Tensor Cores (e.g., FP16 or BF16 inputs with an FP32 accumulator), which of the following statements are TRUE? (Select all that apply.)"
H-ACCUM-008,quantization,H,Accumulation precision / Small-magnitude loss,single,code_implementation,3,implementation,agent_reviewed,1,D,"The naive FP16 reduction can lose small-magnitude terms after the running sum grows large. Which explanation of the phenomenon and the rewrite is CORRECT?"
H-AWQ-021,quantization,H,AWQ / Design intent,multiple,paper_design_intent,4,research,agent_reviewed,1,A|B|C,"AWQ (Lin et al., MLSys 2024) achieves state-of-the-art W4A16 accuracy on LLMs. Which statements about AWQ's design are TRUE? (Select all that apply.)"
H-CALIB-017,quantization,H,Calibration / MinMax vs Percentile vs KL,multiple,concept_boundary,3,implementation,agent_reviewed,2,B|C|D,"For PTQ activation calibration to INT8, which of the following statements about MinMax, Percentile (e.g., 99.9%), and KL-divergence (entropy) calibration are TRUE? (Select all that apply.)"
H-DEQ-029,quantization,H,Dequantization / In-register dequant for W4A16,single,code_implementation,3,implementation,agent_reviewed,1,B,"The W4A16 inner-loop pseudo-code above shows the standard 'dequant-in-register' sequence. Which is a correct description of what it does and why it works with FP16 Tensor Cores?"
H-DTYPE-001,quantization,H,Floating-point formats / Exponent + mantissa,single,precise_definition,2,textbook,agent_reviewed,1,B,"Which row correctly gives the (sign, exponent, mantissa) bit widths for FP32, FP16, and BF16 respectively?"
H-DTYPE-002,quantization,H,FP16 vs BF16 / Precision vs range trade-off,single,concept_boundary,3,implementation,agent_reviewed,2,C,"A team is training a large language model and hits gradient underflow at some layers when using FP16 with dynamic loss scaling barely keeping activations in range. Which statement about switching to BF16 is correct?"
H-DTYPE-003,quantization,H,TF32 / Definition and scope,single,precise_definition,2,textbook,agent_reviewed,1,D,"TF32 (TensorFloat-32) is a numerical format used by NVIDIA Tensor Cores starting with Ampere. Which best describes TF32?"
H-DYN-014,quantization,H,Dynamic vs. static quantization,single,concept_boundary,3,implementation,agent_reviewed,1,C,"'Dynamic quantization' and 'static quantization' of activations differ in a specific way. Which statement is correct?"
H-FAKE-016,quantization,H,Fake quantization forward,single,code_implementation,3,implementation,agent_reviewed,2,C,"The function above is intended as a symmetric fake-quantization forward for QAT (values quantized to the INT8 grid, then dequantized to FP, so that downstream layers see the quantization noise while gradients can still flow). Is the implementation correct and, if so, what is the standard trick required to make its gradient useful during training?"
H-FP8-004,quantization,H,FP8 formats / E4M3 vs E5M2,multiple,concept_boundary,3,implementation,agent_reviewed,1,A|B|C,"NVIDIA Hopper Tensor Cores support two FP8 formats: E4M3 (4-bit exponent, 3-bit mantissa) and E5M2 (5-bit exponent, 2-bit mantissa). Which of the following statements about their intended uses and trade-offs are TRUE? (Select all that apply.)"
H-FP8ACCUM-032,quantization,H,FP8 mul + FP32 accum on Hopper,multiple,performance_diagnosis,4,systems,agent_reviewed,2,A|C|D,"On Hopper Tensor Cores, FP8 (E4M3/E5M2) matmul is a common training precision. Which of the following statements about the FP8 GEMM numerical pipeline are TRUE? (Select all that apply.)"
H-GEMM-022,quantization,H,INT8 GEMM / Compute vs. bandwidth,single,performance_diagnosis,3,systems,agent_reviewed,1,C,"On A100, INT8 GEMM has ~2× the FP16 Tensor Core throughput, yet Case 2 (M=1) shows INT8 no faster than FP16. What is the correct explanation?"
H-GPTQ-020,quantization,H,GPTQ / Design intent,single,paper_design_intent,4,research,agent_reviewed,1,A,"GPTQ (Frantar et al., ICLR 2023) is a PTQ algorithm that quantizes LLM weights to INT4 with small accuracy loss. Which best captures its central technique?"
H-GRAN-011,quantization,H,Quantization granularity / Per-tensor vs per-channel vs per-group,multiple,concept_boundary,3,systems,agent_reviewed,1,A|B|C,"For quantizing an FP16 weight matrix `W` of shape `[out_channels, in_channels]` to INT8/INT4 for a subsequent quantized GEMM, which of the following statements about quantization granularity are TRUE? (Select all that apply.)"
H-GRAN-012,quantization,H,Per-channel scale broadcasting / Code,single,code_implementation,3,implementation,agent_reviewed,2,B,"The intended semantics is: for each row `i` of `W_int8`, multiply the entire row by `scale[i]`. Given `W_int8.shape == (out, in)` and `scale.shape == (out,)`, does the expression `W_int8.to(torch.float16) * scale` produce the correct result under standard broadcasting rules?"
H-INT-005,quantization,H,INT8 / INT4 dynamic range,single,precise_definition,2,textbook,agent_reviewed,1,C,"For symmetric quantization to signed integers, which pair correctly gives the representable range of INT8 and INT4 (using the symmetric convention that restricts the value range to be symmetric around zero, i.e., [-127, 127] and [-7, 7])?"
H-INT4KV-035,quantization,H,INT4 KV cache / Aggressive KV quantization,multiple,performance_diagnosis,4,systems,agent_reviewed,2,A|C|D,"Which of the following statements about aggressive INT4 KV cache quantization (relative to FP16 or INT8 KV) are TRUE? (Select all that apply.)"
H-KERN-028,quantization,H,Kernel availability / INT4 across GPU generations,multiple,concept_boundary,3,systems,agent_reviewed,1,A|B|C,"For quantized inference kernels, which of the following are TRUE about hardware / kernel availability across NVIDIA GPU generations? (Select all that apply.)"
H-KVQ-025,quantization,H,KV cache quantization / Goal,single,precise_definition,2,systems,agent_reviewed,1,D,"In LLM inference serving, 'KV cache quantization' primarily targets which resource?"
H-KVQ-026,quantization,H,KV cache INT8 / Accuracy trade-off,single,performance_diagnosis,4,systems,agent_reviewed,1,A,"The experiment above shows a small accuracy drop for INT8 KV at 32K context but none at 4K. Which is the best-supported reading?"
H-KVQ-027,quantization,H,KV cache quantization / Attention kernel compatibility,multiple,concept_boundary,3,systems,agent_reviewed,2,A|B|D,"For KV cache quantization to deliver both memory-footprint and memory-bandwidth savings in attention, which of the following statements about kernel support are TRUE? (Select all that apply.)"
H-MEMTRAFFIC-024,quantization,H,W4A16 memory traffic / Decode analysis,single,performance_diagnosis,3,systems,agent_reviewed,2,C,"Based on the memory-traffic estimate above, what is the primary reason W4A16 accelerates batch-1 LLM decode, and by roughly what factor is weight-load traffic reduced?"
H-MIXED-023,quantization,H,Mixed precision / Master weights / Accumulation dtype,multiple,concept_boundary,3,implementation,draft,2,A|C|D,"Standard mixed-precision (FP16 with FP32 master weights) DNN training on GPU has several dtype roles. Which of the following statements are TRUE? (Select all that apply.)"
H-OUTLIER-018,quantization,H,Outliers / Per-tensor calibration failure,single,performance_diagnosis,4,research,agent_reviewed,1,B,"Per-tensor MinMax INT8 quantization on this LLM layer collapses accuracy. Which explanation is most accurate?"
H-OVERFLOW-006,quantization,H,FP16 accumulation overflow / Saturation,single,performance_diagnosis,3,implementation,agent_reviewed,1,A,"An FP16 GEMM with K = 4096 and FP16 accumulation produces INF entries in the output. Switching to an FP32 accumulator fixes the issue. What is the correct explanation?"
H-PTQ-015,quantization,H,PTQ vs QAT,single,precise_definition,2,textbook,agent_reviewed,1,D,"'Post-training quantization' (PTQ) and 'quantization-aware training' (QAT) refer to which distinction?"
H-QAT-033,quantization,H,QAT / Straight-through estimator,single,concept_boundary,3,research,agent_reviewed,1,C,"In quantization-aware training (QAT), the 'straight-through estimator' (STE) is used to backprop through fake-quant ops. Which best describes STE and its limitations?"
H-ROUND-030,quantization,H,Rounding modes / RNE vs stochastic,single,precise_definition,2,implementation,agent_reviewed,1,B,"Two commonly discussed rounding modes for quantization are round-half-to-even (RNE) and stochastic rounding. Which pair correctly describes them?"
H-SATURATE-031,quantization,H,Saturation vs wrap-around,single,concept_boundary,3,implementation,agent_reviewed,1,B,"During INT8 quantization, a value exceeds the representable range (e.g., quantize(x/s) = 200 > 127). Which is the correct comparison of saturation vs. wrap-around handling?"
H-SCALE-009,quantization,H,Scale / Zero point / Basic quantization mapping,single,precise_definition,2,textbook,agent_reviewed,1,B,"For an affine (asymmetric) quantizer with scale `s > 0` and zero-point `z` mapping real value `x` to integer `q`, which pair correctly gives the quantize and dequantize formulas?"
H-SMOOTH-019,quantization,H,SmoothQuant / Design intent,single,paper_design_intent,4,research,agent_reviewed,1,C,"SmoothQuant enables W8A8 quantization for LLMs where naive per-tensor activation quantization fails due to outliers. Which best describes its central technique?"
H-SYMM-010,quantization,H,Symmetric vs. asymmetric quantization,single,code_implementation,2,implementation,agent_reviewed,2,B,"The two quantizers above map an FP32 tensor to INT8 (symmetric) or UINT8 (asymmetric). Which comparison is correct?"
H-TRTLLM-034,quantization,H,W4A16 group size / Metadata vs accuracy trade-off,single,performance_diagnosis,4,systems,agent_reviewed,1,A,"The perplexity trend above shows finer group sizes yield better accuracy but with rising metadata cost. Which is the correct reading of the trade-off?"
H-WQUANT-013,quantization,H,Weight-only vs. weight-activation quantization,multiple,concept_boundary,3,systems,agent_reviewed,1,C|D,"Consider three inference quantization schemes: (i) weight-only INT4 with FP16 activations (W4A16), (ii) weight-only INT8 with FP16 activations (W8A16), (iii) full W8A8 (weights AND activations INT8). Which statements are TRUE? (Select all that apply.)"
I-ATTBACK-025,core_ops_attention,I,Attention backward / Memory footprint and recomputation,multiple,code_implementation,4,systems,draft,2,A|B|C,"Consider the backward pass of standard attention O = softmax(Q @ K^T / sqrt(d)) @ V for shapes Q, K, V ∈ [B, H, N, d]. Select all correct statements about activation memory and recomputation. (Choose all that apply.)"
I-CONV-016,core_ops_attention,I,Convolution / Direct vs im2col-GEMM,single,concept_boundary,3,implementation,agent_reviewed,1,A,"Compare two implementation strategies for a standard 2D convolution: (1) direct convolution kernel that computes each output pixel with its own R*S*C-tap sum; (2) im2col followed by cuBLAS/GEMM. Which comparison is correct?"
I-EMB-017,core_ops_attention,I,Embedding lookup / Gather kernel,single,concept_boundary,2,implementation,agent_reviewed,1,D,"The input embedding layer takes an int64 index tensor [B, N] and gathers rows from a weight table [V, D] (vocabulary V, hidden dim D). Which characterization of this kernel is correct?"
I-EPILOGUE-024,core_ops_attention,I,GEMM epilogue fusion / Bias + activation + norm,multiple,code_implementation,3,implementation,agent_reviewed,2,B|D,"A GEMM Y = X @ W is followed by (i) bias add, (ii) elementwise activation (GELU), (iii) RMSNorm along the last axis. Select all statements about fusing these into a GEMM epilogue that are correct. (Choose all that apply.)"
I-FFT-023,core_ops_attention,I,FFT / Custom operator characteristics,multiple,concept_boundary,4,implementation,agent_reviewed,1,A|B|D,"A model uses a 1D FFT of length N (with N a power of two) as a custom operator inside a layer. Select all correct statements about this operator on GPU. (Choose all that apply.)"
I-FLASH-005,core_ops_attention,I,FlashAttention / IO complexity and backward recomputation,single,concept_boundary,3,research,agent_reviewed,1,A,"Which statement most accurately describes the algorithmic contribution of FlashAttention (as an exact attention algorithm)?"
I-FLASHIO-006,core_ops_attention,I,FlashAttention / HBM traffic analysis of attention,single,systems_dataflow,4,systems,agent_reviewed,1,D,"Compare the HBM traffic of naive attention (which explicitly materializes S = QK^T in HBM before softmax and O = softmax(S)V) with FlashAttention over a single (B=1, H=1) head with sequence length N and head dim d = 64. Which comparison is correct?"
I-FLASHPROP-026,core_ops_attention,I,FlashAttention / Design properties and non-implications,multiple,paper_design_intent,4,research,agent_reviewed,2,B|C|D,"Select all statements about FlashAttention that are correct at the algorithm-and-analysis level (i.e., independent of any specific paper wall-clock number). (Choose all that apply.)"
I-FUSEDMLP-014,core_ops_attention,I,Fused MLP / Activation fusion boundary,single,systems_dataflow,3,implementation,agent_reviewed,1,A,"A standard MLP block computes y = down(activation(up(x))) with intermediate size F. For x shape [B, N, D] and F > D, which fusion strategy is most consistent with how modern LLM inference kernels are structured?"
I-FUSEDPROP-030,core_ops_attention,I,Fused kernels / Benefits and boundary conditions,multiple,concept_boundary,3,implementation,agent_reviewed,2,B|C|D,"Select all correct statements about kernel fusion in transformer inference. (Choose all that apply.)"
I-FUSEDQKV-010,core_ops_attention,I,Fused QKV projection / GEMM merging,single,systems_dataflow,2,implementation,agent_reviewed,1,D,"A transformer implementation replaces three separate linear projections (X@W_Q, X@W_K, X@W_V) with a single fused GEMM X @ [W_Q | W_K | W_V] whose output is sliced into Q, K, V. Which characterization is correct?"
I-GEMM-001,core_ops_attention,I,GEMM / Tile size and shared-memory reuse,single,code_implementation,3,implementation,agent_reviewed,1,C,"A tiled GEMM kernel uses per-thread-block tiles M_TILE x N_TILE with a K-loop step of K_TILE, staging A and B fragments in shared memory. Which statement about arithmetic intensity is correct?"
I-GEMV-002,core_ops_attention,I,GEMV / Memory-bound characterization,single,formula_performance,2,systems,agent_reviewed,1,A,"For y = A @ x where A is [M, N] and x is [N], both FP16, what is the correct classification of a well-implemented GEMV on modern GPUs, and why?"
I-GGEMM-021,core_ops_attention,I,Grouped GEMM / MoE batched execution,single,systems_dataflow,4,systems,agent_reviewed,1,D,"In a sparse MoE layer with E experts, after routing each expert i receives n_i tokens (n_i variable, sum n_i = k * B * N). Which choice best describes Grouped GEMM and why it is used?"
I-GQA-008,core_ops_attention,I,GQA / Compute vs memory trade-off across variants,multiple,concept_boundary,3,systems,agent_reviewed,1,A|C,"Select all statements that are correct about GQA (Grouped Query Attention) relative to MHA and MQA. (Choose all that apply.)"
I-KVCACHE-009,core_ops_attention,I,KV Cache / Read-write pattern in prefill vs decode,single,systems_dataflow,3,systems,agent_reviewed,1,D,"Consider a decoder-only transformer running (a) prefill on an input of length P, then (b) autoregressive decode for T new tokens. For a single attention layer with H_kv KV heads and head dim d, which characterization of KV cache HBM traffic is correct?"
I-KVDF-029,core_ops_attention,I,KV cache dataflow / Layout and bandwidth,multiple,systems_dataflow,4,systems,agent_reviewed,2,A|B|D,"Consider one decode step for a batch of B sequences, each of length seq_len (varying). Select all correct statements about KV-cache dataflow inside a single attention layer. (Choose all that apply.)"
I-MHAMQA-007,core_ops_attention,I,MHA vs MQA vs GQA / KV cache footprint,single,systems_dataflow,3,systems,agent_reviewed,1,B,"A transformer has H query heads and head dim d. Which comparison of per-token KV-cache size and decode-time HBM traffic is correct? (K and V each contribute one head dim per KV head.)"
I-MOEPROP-028,core_ops_attention,I,MoE / Compute, parameter, and imbalance properties,multiple,concept_boundary,3,systems,agent_reviewed,2,C|D,"A top-2 MoE model with E=8 experts replaces a dense FFN block. Select all correct statements. (Choose all that apply.)"
I-MOEROUT-020,core_ops_attention,I,MoE / Top-k routing and dispatch,single,systems_dataflow,3,systems,agent_reviewed,1,A,"In a top-k MoE MLP layer with E experts, each token is routed to k experts based on a gating network. Which description of the dataflow is correct?"
I-ONLINESM-004,core_ops_attention,I,Online Softmax / One-pass streaming reduction,single,code_implementation,4,implementation,agent_reviewed,1,A,"An online softmax algorithm streams over a row in tiles B_1, B_2, .... After processing tile B_t it maintains a running max m_t and a running denominator d_t such that d_t = sum_{i in B_1..t} exp(x_i - m_t). Which update rule is correct when a new tile B_{t+1} arrives with local max m' and local denominator d' = sum_{i in B_{t+1}} exp(x_i - m')?"
I-REDUCE-015,core_ops_attention,I,Reduction / Warp shuffle vs shared-memory tree,single,code_implementation,3,implementation,agent_reviewed,1,B,"A CUDA kernel needs to sum an array of length N per thread block (block size 256, 8 warps of 32 threads). Which implementation strategy is standard and correct?"
I-RMSPROP-027,core_ops_attention,I,RMSNorm / Kernel structure and non-implications,multiple,concept_boundary,3,implementation,agent_reviewed,2,A|B,"Select all correct statements about RMSNorm y = x * rsqrt(mean(x^2) + eps) * g. (Choose all that apply.)"
I-RMSVSLN-011,core_ops_attention,I,RMSNorm vs LayerNorm / Compute and memory pattern,single,concept_boundary,2,implementation,agent_reviewed,1,C,"Compare a per-row RMSNorm — y = x * rsqrt(mean(x^2) + eps) * g — with LayerNorm — y = (x - mean(x)) / sqrt(var(x) + eps) * g + b. Which comparison of reductions and memory is correct?"
I-ROPE-012,core_ops_attention,I,RoPE / Rotary position embedding computation,single,concept_boundary,3,implementation,agent_reviewed,1,C,"Rotary Position Embedding (RoPE) is applied to Q and K in an attention layer. Which characterization of RoPE's computation and dataflow is correct?"
I-SAMPLE-019,core_ops_attention,I,Sampling / Temperature and top-p (nucleus),single,precise_definition,2,implementation,agent_reviewed,1,B,"Which description of temperature (T) and top-p (nucleus, p) sampling for LLM decoding is correct?"
I-SOFTMAX-003,core_ops_attention,I,Softmax / Numerical stability via max subtraction,single,code_implementation,2,implementation,agent_reviewed,1,A,"The 'safe softmax' formulation is softmax(x)_i = exp(x_i - m) / sum_j exp(x_j - m) where m = max_j x_j. Which statement about this formulation is correct?"
I-SPARSE-022,core_ops_attention,I,Sparse vs dense kernel boundary / When sparsity pays,multiple,concept_boundary,4,systems,agent_reviewed,3,B|D,"Select all statements that correctly characterize the boundary between sparse and dense GPU kernels. (Choose all that apply.)"
I-SWIGLU-013,core_ops_attention,I,SwiGLU MLP / Parameter count and compute,single,concept_boundary,3,implementation,agent_reviewed,1,A,"The SwiGLU MLP block used in Llama-style LLMs computes y = (silu(x @ W_gate) * (x @ W_up)) @ W_down where W_gate, W_up are [D, F] and W_down is [F, D]. Which characterization is correct?"
I-TOPK-018,core_ops_attention,I,Top-k / Sampling primitive on GPU,single,concept_boundary,3,implementation,agent_reviewed,1,A,"An LLM sampler needs to compute the top-k tokens per batch row over a [B, V] logits tensor, where V is typically 32K-200K and k is small (e.g. 50). Which GPU strategy is most appropriate?"
J-CBATCH-004,llm_inference,J,Continuous batching / Iteration-level scheduling,single,systems_dataflow,3,systems,agent_reviewed,1,B,"Continuous batching (also called iteration-level batching, as introduced by Orca and used by vLLM) is compared to static request-level batching. Which description of its main mechanism and benefit is correct?"
J-CBPROP-022,llm_inference,J,Continuous batching properties / Trade-offs,multiple,concept_boundary,3,systems,agent_reviewed,1,A|D,"Select all correct statements about continuous (iteration-level) batching in LLM serving. (Choose all that apply.)"
J-CHUNKPRE-008,llm_inference,J,Chunked prefill / Prefill-decode interleaving,single,systems_dataflow,3,systems,agent_reviewed,1,A,"Chunked prefill in modern LLM serving systems addresses which problem, and how?"
J-CUDAGRAPH-015,llm_inference,J,CUDA Graph / Decode-step capture,single,concept_boundary,3,systems,agent_reviewed,1,D,"Which characterization of CUDA Graphs in LLM inference is correct?"
J-DECDIAG-026,llm_inference,J,Decode performance diagnosis / Memory-bandwidth bound,multiple,performance_diagnosis,3,systems,agent_reviewed,1,A|C|D,"The following profile is collected for a single decode step at batch size 1 on a Llama-2-13B model on A100 80GB. Which mitigations are consistent with the bottleneck and select those that would concretely reduce TPOT. (Choose all that apply.)"
J-DIAG-021,llm_inference,J,TTFT and TPOT diagnosis / Metric decomposition,multiple,performance_diagnosis,4,systems,agent_reviewed,1,A|B|D,"A team observes the following per-request metrics under moderate load. Select all diagnoses that are consistent with the data. (Choose all that apply.)"
J-DISAG-029,llm_inference,J,Disaggregated serving / Properties and trade-offs,multiple,concept_boundary,4,research,agent_reviewed,2,A|C,"Select all correct statements about disaggregated prefill/decode serving. (Choose all that apply.)"
J-DISAGG-019,llm_inference,J,Disaggregated prefill/decode / Split serving architecture,single,systems_dataflow,4,research,agent_reviewed,1,B,"Disaggregated prefill/decode (as in DistServe / SplitWise / TRT-LLM disagg mode) serves prefill and decode on different physical GPU pools. What is the primary motivation?"
J-DYNBATCH-005,llm_inference,J,Dynamic vs continuous batching / Diagnosis,single,performance_diagnosis,3,systems,agent_reviewed,1,A,"A serving stack uses dynamic batching (each 'batch' completes fully before the next batch starts). The following aggregated metrics are observed for a workload with heterogeneous output lengths. What is the correct diagnosis?"
J-EP-014,llm_inference,J,Expert parallelism and sequence parallelism / Purposes and dataflow,single,concept_boundary,4,systems,agent_reviewed,1,A,"Which comparison of Expert Parallelism (EP) and Sequence Parallelism (SP) is correct?"
J-FAIRTHR-030,llm_inference,J,Multi-tenancy fairness / Diagnosis and levers,multiple,performance_diagnosis,4,systems,agent_reviewed,2,A|B|D,"Multi-tenant serving of an LLM shows the following per-user metrics under load. Which mitigations would reduce the unfairness without regressing aggregate throughput below the load's floor. (Choose all that apply.)"
J-FRAG-018,llm_inference,J,KV cache fragmentation / Paged vs contiguous allocator,single,performance_diagnosis,3,systems,agent_reviewed,1,D,"A serving stack allocates KV cache as contiguous per-sequence slabs sized to each request's max_new_tokens. Diagnose the memory behavior described below."
J-FUSION-016,llm_inference,J,LLM kernel fusion / Serving stack fused kernels,single,concept_boundary,3,systems,agent_reviewed,1,D,"Which set of kernel fusions is typical in a production LLM inference stack such as vLLM or TensorRT-LLM?"
J-KVCAP-007,llm_inference,J,KV cache capacity / Memory budget arithmetic,single,performance_diagnosis,3,systems,agent_reviewed,1,C,"Model configuration: 32 layers, H_kv = 8 KV heads, head_dim = 128, FP16 KV. The model weights occupy 26 GB on an 80 GB GPU. Which computation of KV cache capacity and its implication is correct?"
J-LONGCTX-025,llm_inference,J,Long context serving / KV bandwidth and capacity,multiple,concept_boundary,4,systems,agent_reviewed,1,A|C,"Select all statements that correctly characterize challenges specific to long-context (say 32K+ token) LLM serving. (Choose all that apply.)"
J-OOM-028,llm_inference,J,KV cache OOM / Diagnosis and mitigations,multiple,performance_diagnosis,4,systems,agent_reviewed,2,B|C|D,"A vLLM deployment on an 80GB GPU running Llama-3-70B (with GQA, 8 KV heads) is throwing frequent 'KV cache full' preemptions. Prompt/output stats and observed metrics: (Select all mitigations that would concretely reduce OOM/preemption rates.)"
J-PAGED-006,llm_inference,J,Paged KV Cache / Memory abstraction,single,systems_dataflow,3,systems,agent_reviewed,1,D,"vLLM's PagedAttention introduces a paged KV cache. Which description of the abstraction and its primary motivation is correct?"
J-PAGEDATT-020,llm_inference,J,PagedAttention kernel / Block-table indirection,single,systems_dataflow,4,systems,agent_reviewed,1,A,"The PagedAttention kernel differs from a standard FlashAttention kernel primarily in how it accesses KV cache. Which characterization is correct?"
J-PAGEDDES-024,llm_inference,J,PagedAttention design / Fixed-size blocks and sharing,multiple,systems_dataflow,4,systems,agent_reviewed,2,A|C|D,"Select all correct statements about PagedAttention's design. (Choose all that apply.)"
J-PDCOMP-001,llm_inference,J,Prefill vs decode / Compute vs memory characterization,single,concept_boundary,2,systems,agent_reviewed,1,C,"Which characterization of prefill vs decode in a batch-1 LLM inference is correct?"
J-PP-013,llm_inference,J,Pipeline parallelism / Layer partition and bubble,single,systems_dataflow,3,systems,agent_reviewed,1,A,"Pipeline parallelism (PP) with P stages splits a model's layers across P devices. Which characterization of PP for LLM inference is correct?"
J-PREFIX-009,llm_inference,J,Prefix caching / KV cache reuse across requests,single,systems_dataflow,3,systems,agent_reviewed,1,B,"Prefix caching (also called 'prompt caching' or 'radix cache' in SGLang) is a KV-cache reuse mechanism. Which description of its behavior and correctness conditions is correct?"
J-SCHED-017,llm_inference,J,Serving scheduler / Preemption and swapping,single,systems_dataflow,4,systems,agent_reviewed,1,B,"In a serving system running near KV-cache capacity, a burst of new prefill requests arrives. Which description of the scheduler's response is correct for vLLM-style continuous batching + paged KV?"
J-SPECAR-011,llm_inference,J,Speculative decoding / Acceptance rate and speedup,single,performance_diagnosis,4,research,agent_reviewed,1,C,"In a spec-decoded run with k = 5 proposals per step, the observed acceptance rate per proposed token is p = 0.7. The target forward costs ~10 ms; the draft forward costs ~2 ms per token. Which statement about expected speedup is correct?"
J-SPECDEC-010,llm_inference,J,Speculative decoding / Basic mechanism,single,concept_boundary,3,research,agent_reviewed,1,C,"Which description of speculative decoding for LLM inference is correct?"
J-SPECPROP-023,llm_inference,J,Speculative decoding properties / Correctness and scope,multiple,concept_boundary,4,research,agent_reviewed,2,B|D,"Select all correct statements about speculative decoding. (Choose all that apply.)"
J-TP-012,llm_inference,J,Tensor parallelism / Row-column sharding for MLP and Attention,single,systems_dataflow,4,systems,agent_reviewed,1,D,"In Megatron-LM-style tensor parallelism with TP degree T, the MLP block up projection W_up is column-parallel (sharded along output dim) and the MLP down projection W_down is row-parallel (sharded along input dim). Which characterization of the resulting dataflow is correct?"
J-TPOT-003,llm_inference,J,TPOT / Inter-token latency metric,single,precise_definition,2,systems,agent_reviewed,1,C,"Which definition of TPOT (Time Per Output Token, also called inter-token latency) is correct?"
J-TTFT-002,llm_inference,J,TTFT / Metric definition and diagnosis,single,performance_diagnosis,2,systems,agent_reviewed,1,C,"The latency budget for one request is broken down in the timeline below. Which choice correctly identifies TTFT and its dominant contributor for this request?"
J-TVL-027,llm_inference,J,Throughput vs latency trade-off / Batch-size lever,multiple,concept_boundary,3,systems,agent_reviewed,2,A|C,"Select all correct statements about the throughput vs latency trade-off in LLM decode serving. (Choose all that apply.)"
K-ABI-005,runtime_deploy,K,Dynamic library / ABI stability,single,precise_definition,3,systems,agent_reviewed,1,C,"An AOT-compiled artifact (e.g., AOTInductor .so, TensorRT plan loader, IREE HAL module) exposes an entry point that must be loaded by processes built with unknown compiler toolchains. Which ABI-boundary discipline is standard, and why?"
K-ALLOC-008,runtime_deploy,K,Memory allocator / caching pool,single,systems_dataflow,3,systems,agent_reviewed,1,C,"Deep-learning runtimes (PyTorch, TensorFlow, TVM) implement a caching memory allocator on the GPU rather than calling `cudaMalloc`/`cudaFree` for each tensor. Which reason is the strongest?"
K-AOT-004,runtime_deploy,K,AOT artifact vs JIT compilation,single,concept_boundary,2,systems,agent_reviewed,1,D,"Which statement most accurately contrasts an Ahead-of-Time (AOT) artifact (e.g., AOTInductor .so, TensorRT plan) with a JIT-compiled workflow (e.g., default torch.compile)?"
K-AOTI-022,runtime_deploy,K,AOTInductor artifact,single,concept_boundary,3,systems,agent_reviewed,1,A,"Which statement best describes what AOTInductor produces and how it differs from the default JIT torch.compile flow?"
K-AOTIRT-023,runtime_deploy,K,AOTInductor runtime characteristics,multiple,precise_definition,3,implementation,agent_reviewed,1,B|D,"Which statements about running an AOTInductor-compiled artifact are correct? (Select all that apply.)"
K-BOUND-001,runtime_deploy,K,Compiler / Runtime boundary,single,concept_boundary,2,textbook,agent_reviewed,1,A,"Which statement best characterizes the boundary between the compiler and the runtime in a typical ML compilation stack (e.g., IREE, TVM, XLA)?"
K-COLD-030,runtime_deploy,K,Cold start and compilation cache,multiple,systems_dataflow,3,systems,agent_reviewed,1,A|C|D,"Which statements about cold-start cost and compilation caches for compiled ML workloads are correct? (Select all that apply.)"
K-CROSS-028,runtime_deploy,K,Cross compilation,multiple,concept_boundary,3,systems,agent_reviewed,1,A|B|C,"Which statements about cross compilation for ML deployment are correct? (Select all that apply.)"
K-CUSTOM-012,runtime_deploy,K,Custom operator,single,precise_definition,3,implementation,agent_reviewed,1,D,"When you add a custom operator to a runtime such as ONNX Runtime, TensorRT, or PyTorch, which combination best describes the author's responsibilities?"
K-DISPATCH-002,runtime_deploy,K,Dispatcher / Executor semantics,single,precise_definition,2,implementation,agent_reviewed,1,B,"In a modern ML runtime such as PyTorch's ATen or an equivalent stack, what is the primary role of an operator dispatcher?"
K-EXTLIB-013,runtime_deploy,K,External library (cuBLAS / cuDNN / cuBLASLt),multiple,concept_boundary,3,systems,agent_reviewed,1,B|C,"Which statements about calling into external libraries (cuBLAS, cuDNN, cutlass) from an ML compiler stack are correct? (Select all that apply.)"
K-FALLBACK-011,runtime_deploy,K,CPU fallback,single,concept_boundary,3,systems,agent_reviewed,1,D,"A compiled GPU inference graph contains a single op with no GPU kernel; the runtime supports a CPU fallback for that op. Which description most accurately captures what happens at execution time?"
K-HET-029,runtime_deploy,K,Heterogeneous execution,multiple,systems_dataflow,4,systems,agent_reviewed,1,A|B,"Which statements about heterogeneous execution (a single model spanning CPU + GPU or CPU + NPU) are correct? (Select all that apply.)"
K-IREE-025,runtime_deploy,K,IREE: compiler / runtime separation,single,concept_boundary,3,systems,agent_reviewed,1,B,"Which statement best captures IREE's architecture?"
K-ONNX-014,runtime_deploy,K,ONNX: interchange format vs runtime,single,concept_boundary,2,textbook,agent_reviewed,1,B,"Which statement most accurately describes ONNX's role in the deployment stack?"
K-ONNXSHAPE-016,runtime_deploy,K,ONNX shape inference,multiple,concept_boundary,3,implementation,agent_reviewed,1,A|C,"Which statements about ONNX shape inference are correct? (Select all that apply.)"
K-ONNXVER-017,runtime_deploy,K,ONNX IR version vs opset version,single,concept_boundary,3,implementation,agent_reviewed,1,B,"A user tries to load an ONNX file and gets an error about unsupported version. Which distinction between the ONNX **IR version** and the **opset version** best explains the diagnostic they should perform?"
K-OPSET-015,runtime_deploy,K,ONNX opset version,single,precise_definition,3,systems,agent_reviewed,1,C,"An ONNX model advertises `opset_import: [{domain: """", version: 17}]` in its metadata. What does the opset version encode, and what compatibility guarantee follows?"
K-PKG-027,runtime_deploy,K,Model packaging and serialization,single,precise_definition,2,systems,agent_reviewed,1,C,"Which is the most complete description of what a well-packaged inference model artifact typically contains?"
K-PLACE-007,runtime_deploy,K,Device placement,multiple,systems_dataflow,3,systems,agent_reviewed,1,A|B|D,"A model graph has some ops with only a CPU implementation and others with only a GPU implementation. Which of the following statements about device placement are correct? (Select all that apply.)"
K-REGISTRY-006,runtime_deploy,K,Kernel registry,single,precise_definition,2,implementation,agent_reviewed,1,A,"In an ML runtime, the 'kernel registry' is best described as which of the following?"
K-SHAPE-026,runtime_deploy,K,Shape runtime and dynamic shapes,multiple,precise_definition,3,systems,agent_reviewed,1,B|C|D,"Which statements about how modern ML runtimes handle dynamic shapes are correct? (Select all that apply.)"
K-STHLO-018,runtime_deploy,K,StableHLO: portability layer,single,concept_boundary,3,systems,agent_reviewed,1,C,"How is StableHLO positioned in the OpenXLA / IREE ecosystem?"
K-STREAM-009,runtime_deploy,K,CUDA stream / event,single,systems_dataflow,3,systems,agent_reviewed,1,C,"Which statement most accurately describes CUDA streams and events in the context of an ML runtime that overlaps kernel execution with data transfers?"
K-SYNC-010,runtime_deploy,K,Host/device synchronization,multiple,systems_dataflow,3,implementation,agent_reviewed,1,B|C,"Which statements about host/device synchronization in a CUDA runtime are correct? (Select all that apply.)"
K-TRT-019,runtime_deploy,K,TensorRT: builder / engine / plan file,single,precise_definition,2,systems,agent_reviewed,1,D,"In the TensorRT workflow, which sequence best describes the roles of the builder, engine and runtime?"
K-TRTBUILD-021,runtime_deploy,K,TensorRT build cost vs runtime cost,single,systems_dataflow,3,systems,agent_reviewed,1,A,"A team benchmarks their model as follows: 'TensorRT 8 min, PyTorch eager 0.2 s'. What is the most likely source of confusion in this comparison?"
K-TRTPLAN-020,runtime_deploy,K,TensorRT engine portability,multiple,concept_boundary,4,systems,agent_reviewed,1,A|C|D,"Which statements about the portability of a serialized TensorRT engine (plan file) are correct? (Select all that apply.)"
K-TVMRT-024,runtime_deploy,K,TVM Relax VM runtime,single,precise_definition,3,implementation,agent_reviewed,1,A,"In TVM's Unity stack, what is the Relax VM (`tvm.relax.VirtualMachine`) primarily responsible for?"
K-VM-003,runtime_deploy,K,Virtual Machine runtime (TVM Relax VM / IREE VM),single,concept_boundary,3,systems,agent_reviewed,1,D,"TVM Relax and IREE both ship 'virtual machine' style runtimes that interpret compiled bytecode rather than emitting a single monolithic native function. Which motivation best explains this design?"
L-ACCREG-014,profiling_debug,L,Accuracy regression triage,single,systems_dataflow,3,systems,agent_reviewed,1,C,"A model that previously achieved 78.5% accuracy on the validation set now reports 76.2% after a joint change (new PyTorch version, new torch.compile mode, new BF16 mixed-precision recipe, retrained weights). What is the most defensible triage plan?"
L-ASYNC-007,profiling_debug,L,Async timing pitfall in benchmark code,single,code_implementation,3,implementation,agent_reviewed,1,B,"The benchmark below prints `per-iter mean: 0.041 ms`, but the model is a 4096×4096 FP16 matmul that could not possibly run in 41 µs on the target GPU. Which change is required to make the measurement meaningful?"
L-BREAKLOG-027,profiling_debug,L,Graph break and recompile log diagnosis,multiple,performance_diagnosis,4,implementation,agent_reviewed,1,A|C|D,"The following TORCH_LOGS output was captured for a torch.compile'd function processing a variable-length batch. Which conclusions are correct? (Select all that apply.)"
L-CACHE-025,profiling_debug,L,Cache hit-rate diagnosis,single,performance_diagnosis,3,systems,agent_reviewed,1,D,"Two elementwise FP32 kernels have identical implementations except for input size. Nsight Compute reports the following. Which conclusion is best supported?"
L-COMPTIME-026,profiling_debug,L,Compile time as a benchmark axis,multiple,concept_boundary,3,systems,agent_reviewed,1,A|C,"Which statements about compile time in ML performance benchmarks are correct? (Select all that apply.)"
L-CPUEVT-006,profiling_debug,L,CUDA Event vs CPU Timer: single-kernel timing,single,performance_diagnosis,3,implementation,agent_reviewed,1,B,"You want to time a single small CUDA kernel (expected duration ~30 µs) that runs on a non-default stream in the middle of a larger workload. Which measurement approach is most accurate, and why?"
L-DETERM-017,profiling_debug,L,Non-determinism in GPU computation,multiple,concept_boundary,3,systems,agent_reviewed,2,B|D,"Which statements about non-determinism on GPU ML workloads are correct? (Select all that apply.)"
L-DIFFTEST-010,profiling_debug,L,Differential testing,multiple,precise_definition,3,implementation,agent_reviewed,1,C|D,"Which statements about differential testing (as applied to kernel/compiler correctness) are correct? (Select all that apply.)"
L-DYNREG-013,profiling_debug,L,Dynamic shape regression detection,multiple,performance_diagnosis,4,systems,agent_reviewed,2,A|C|D,"A torch.compile-wrapped inference service handles requests of varying seq_len. In production, latency has become erratic. The following profiler output is captured. Which conclusions are supported? (Select all that apply.)"
L-E2E-020,profiling_debug,L,End-to-end vs microbenchmark,single,concept_boundary,3,systems,agent_reviewed,1,A,"A team reports a 4.7× speedup on a fused LayerNorm+bias microbenchmark and concludes the end-to-end model inference will speed up by 4.7×. Which critique is most accurate?"
L-GENCODE-029,profiling_debug,L,Generated Triton code inspection,multiple,precise_definition,3,implementation,agent_reviewed,1,A|C,"Which statements about inspecting the generated Triton code from TorchInductor are correct? (Select all that apply.)"
L-GOLDEN-009,profiling_debug,L,Golden test design,single,code_implementation,3,implementation,agent_reviewed,1,C,"You are writing a golden test for a new fused Triton `LayerNorm(x) * gamma + beta` kernel. Which combination of design choices best matches golden-test discipline?"
L-IRDUMP-028,profiling_debug,L,IR dump interpretation,single,code_implementation,3,implementation,agent_reviewed,1,D,"You dump the TorchInductor IR (via `TORCH_COMPILE_DEBUG=1` or `torch._inductor.config.debug = True`) for a compiled function. Which statement most accurately describes what the dumps reveal for debugging?"
L-LAUNCH-001,profiling_debug,L,Launch overhead / Nsight Systems timeline diagnosis,single,performance_diagnosis,3,systems,agent_reviewed,1,A,"A user profiles a training step with Nsight Systems and observes the timeline data shown. Which diagnosis and mitigation set is most appropriate?"
L-NAN-015,profiling_debug,L,NaN / Inf detection and root-cause analysis,single,performance_diagnosis,3,systems,agent_reviewed,1,B,"In mid-training a 7B Transformer, loss becomes NaN at step 4213 after being stable for hundreds of prior steps. Activation-hook profiling records per-layer max-abs statistics as shown. Which diagnosis is best supported?"
L-NCU-004,profiling_debug,L,Nsight Compute / Memory-bound diagnosis,single,performance_diagnosis,3,systems,agent_reviewed,1,C,"Nsight Compute reports the following metrics for an FP32 elementwise kernel `out[i] = sqrt(in[i])` on A100. Which is the best-supported diagnosis and mitigation?"
L-NOISE-018,profiling_debug,L,Performance noise and reporting statistics,single,performance_diagnosis,2,implementation,agent_reviewed,1,D,"Given the following 20 warmed-up per-iter latencies of the same kernel, which single number is the most defensible headline for a report and why?"
L-OCC-022,profiling_debug,L,Occupancy diagnosis and its limits,single,performance_diagnosis,3,systems,agent_reviewed,1,B,"Nsight Compute reports the following metrics for a compute-heavy FP16 GEMM kernel on A100. Which diagnosis best matches the data?"
L-PCTL-019,profiling_debug,L,Percentile / variance reporting,single,formula_performance,3,systems,agent_reviewed,1,D,"A team claims a service's p99 latency is 3.4 ms based on a benchmark of 100 samples. What is the correct critique of this claim, purely from a statistical standpoint?"
L-PROF-030,profiling_debug,L,PyTorch Profiler vs Nsight Systems: choosing the right tool,multiple,concept_boundary,3,systems,agent_reviewed,1,A|C|D,"Which statements about the split between PyTorch Profiler, Nsight Systems, and Nsight Compute are correct? (Select all that apply.)"
L-RACE-016,profiling_debug,L,Race condition in a CUDA kernel,single,code_implementation,4,implementation,agent_reviewed,1,C,"A CUDA reduction kernel produces slightly different outputs across runs with the same input (differences beyond floating-point tolerance and inconsistent across GPU model). The relevant kernel snippet is shown. What is the root cause?"
L-REGP-024,profiling_debug,L,Register pressure diagnosis,single,performance_diagnosis,3,implementation,agent_reviewed,1,C,"A custom CUDA kernel's Nsight Compute report and compiler output are shown. Which mitigation is most directly indicated?"
L-ROOFLINE-021,profiling_debug,L,Roofline analysis of a memory-bound kernel,single,formula_performance,3,implementation,agent_reviewed,2,D,"An FP32 elementwise kernel `out[i] = 3.0f * in[i] + 2.0f` runs on A100 (peak FP32 = 19.5 TFLOP/s, peak HBM = 2.0 TB/s). It reads 64 MB, writes 64 MB, and measures 40 ms. What is the arithmetic intensity and what does the roofline analysis say?"
L-SHAPECOV-012,profiling_debug,L,Shape coverage in testing,single,systems_dataflow,3,systems,agent_reviewed,1,C,"You are writing shape-coverage tests for a fused pointwise kernel with a compile-time tile size of 128. Which shape set is most likely to catch bugs before production?"
L-STREAM-008,profiling_debug,L,Multi-stream timing pitfall with CUDA events,single,performance_diagnosis,4,implementation,agent_reviewed,1,A,"A user times a kernel on stream `s1` using events but sees inconsistent numbers depending on what runs concurrently on `s2`. Which explanation best matches the reported profile data below?"
L-TIMING-002,profiling_debug,L,CUDA async timing / CPU-timer trap,single,performance_diagnosis,2,implementation,agent_reviewed,1,A,"A user times a matmul on CUDA two different ways. Attempt 1 reports 0.008 ms per iteration; Attempt 2 reports 3.412 ms per iteration. Which measurement reflects actual GPU execution time and what explains the discrepancy?"
L-TOL-003,profiling_debug,L,Numerical tolerance / Golden test for FP16 GEMM,single,performance_diagnosis,2,implementation,agent_reviewed,1,C,"A custom FP16 matmul kernel using FP32 accumulators is compared against `x @ w` on FP16 tensors with `K = 1024`. The following tolerance check fails:  `torch.testing.assert_close(out_ref, out_test, atol=1e-5, rtol=1e-6)`  What is the most likely reason and what is a correct fix?"
L-TOL2-011,profiling_debug,L,BF16 tolerance and accumulation order,single,code_implementation,3,implementation,agent_reviewed,1,B,"You compare a custom BF16 GEMM+bias kernel (with FP32 accumulator) against a reference `x @ w + b` cast to BF16 for `M=2048, K=4096, N=4096`. The naive check `torch.testing.assert_close(out_ref, out_test, atol=1e-3, rtol=1e-3)` fails on some rows. What is the most principled adjustment?"
L-WARMUP-005,profiling_debug,L,Benchmark warmup / First-run cost,single,performance_diagnosis,2,implementation,agent_reviewed,1,B,"A user benchmarks a matmul with CUDA events. The first single-run timing is 43.2 ms, but a subsequent 100-run mean is 3.4 ms per iteration. Which explanation is best supported and what is the correct benchmarking practice?"
L-WARPSTALL-023,profiling_debug,L,Warp stall reason interpretation,multiple,performance_diagnosis,4,systems,agent_reviewed,1,B|D,"Nsight Compute reports the following warp stall breakdown for a custom kernel. Which conclusions and next steps are correct? (Select all that apply.)"
M-A2A-004,distributed,M,All-to-All / MoE dispatch,single,concept_boundary,3,systems,agent_reviewed,1,D,"An expert-parallel Mixture-of-Experts layer places each expert on a distinct rank. During the forward pass, every rank must send each of its tokens to the rank that owns the routed expert, and later return the transformed token to the origin rank. Which collective correctly describes this dispatch/combine pattern and its semantics?"
M-AR-001,distributed,M,AllReduce vs AllGather semantics,single,concept_boundary,3,textbook,agent_reviewed,1,B,"N ranks each hold a tensor T_i of identical shape S. After the collective, each rank must observe a specific result. Which statement correctly distinguishes AllReduce (sum) from AllGather along a new leading axis?"
M-BOUNDARY-014,distributed,M,Compiler vs distributed runtime boundary,multiple,concept_boundary,4,systems,agent_reviewed,1,A|B|C,"Which THREE of the following statements about the division of responsibilities between an SPMD-style compiler (e.g. XLA + GSPMD emitting StableHLO) and a distributed runtime (e.g. NCCL) are correct?"
M-BUCKET-006,distributed,M,Gradient bucketing motivation and trade-off,single,systems_dataflow,3,systems,agent_reviewed,1,D,"A model has ~2000 parameter tensors, most of them small (≤ 64 KB). A data-parallel runtime issues a separate AllReduce for each and observes that the collective phase is bottlenecked. Which best explains why grouping gradients into ~25 MB buckets improves performance, and what the primary trade-off is?"
M-COST-002,distributed,M,Ring-AllReduce cost model,single,formula_performance,3,implementation,agent_reviewed,1,C,"A tensor of S bytes is AllReduce-summed over N ranks via the ring algorithm (ReduceScatter + AllGather), on a ring where each neighbor link has effective bandwidth BW. Ignoring the fixed latency term, which expression best approximates the per-rank bandwidth-limited time?"
M-COSTAG-011,distributed,M,AllGather / ReduceScatter / AllReduce cost relationships,multiple,formula_performance,4,implementation,agent_reviewed,1,A|C|D,"For a total payload of S bytes on N ranks arranged as a ring, ignoring the latency term α, which THREE of the following statements about per-rank bandwidth cost are correct?"
M-COSTMODEL-010,distributed,M,α + βS communication cost model,single,formula_performance,3,implementation,agent_reviewed,1,C,"A collective has an effective point-to-point cost model T(S) = α + β·S with α = 10 μs and effective bandwidth 10 GB/s (β = 100 ps/byte). Consider two payloads: S1 = 1 KB and S2 = 10 MB. Which statement is correct?"
M-GSPMD-012,distributed,M,GSPMD sharding propagation,single,paper_design_intent,4,research,agent_reviewed,1,D,"The GSPMD paper describes a sharding-propagation pass that turns a partially-annotated graph into a fully sharded one. What is the core design intent of propagation, as argued by the paper?"
M-GSPMD-013,distributed,M,GSPMD annotations as hints,single,paper_design_intent,4,research,agent_reviewed,1,A,"The GSPMD paper describes user sharding annotations as 'hints'. What is the design rationale for this choice, according to the paper?"
M-MESH-008,distributed,M,Device Mesh logical vs physical,single,concept_boundary,3,systems,agent_reviewed,1,A,"In GSPMD / XLA-style SPMD, a job runs on 32 GPUs organized as a Device Mesh of shape [8, 4] with named axes ('data', 'model'). Which statement about the Mesh abstraction is correct?"
M-OVERLAP-005,distributed,M,Communication/computation overlap preconditions,multiple,systems_dataflow,3,systems,agent_reviewed,1,B|C,"A data-parallel training runtime wants to overlap gradient AllReduce with the backward compute of earlier layers. Which two conditions are together sufficient for the accelerator scheduler to actually run them concurrently? (Select exactly TWO.)"
M-PIPE-015,distributed,M,Pipeline parallel bubble and microbatching,single,systems_dataflow,4,systems,agent_reviewed,1,B,"A model is split across P=8 pipeline stages, one per GPU. A training step consists of M microbatches processed in a GPipe-style schedule. Which statement about the pipeline bubble is correct?"
M-RS-003,distributed,M,ReduceScatter vs AllReduce,single,concept_boundary,3,textbook,agent_reviewed,1,D,"Given N ranks each holding a tensor of shape S, which statement about ReduceScatter is correct?"
M-SHARD-009,distributed,M,Reshard collectives between sharding specs,multiple,systems_dataflow,4,systems,agent_reviewed,1,C|D,"A tensor T of shape [D0, D1] lives on an N-device 1-D mesh. Consider the following reshard requests. Which TWO of the following mappings between reshard requests and required collectives are correct?"
M-SPMD-007,distributed,M,SPMD vs MPMD / manual placement,multiple,concept_boundary,4,research,agent_reviewed,1,B|C|D,"Consider GSPMD-style SPMD partitioning versus manual/MPMD-style parallelization for a large model. Which THREE of the following statements are correct?"
N-ANSOR-003,paper_design,N,Ansor task scheduler design intent,multiple,paper_design_intent,4,research,agent_reviewed,1,A|B,"The Ansor paper introduces a 'task scheduler' that allocates autotuning budget across the subgraphs of a full model. Which TWO of the following statements correctly describe the task scheduler's design intent, as argued in the paper?"
N-FLASH-006,paper_design,N,FlashAttention: IO-awareness, exactness, scope of speedup,multiple,paper_design_intent,4,research,agent_reviewed,1,A|C|D,"Which THREE of the following statements about FlashAttention (v1) are correct, per the paper?"
N-GSPMD-008,paper_design,N,Peak vs geomean; paper-scope discipline,multiple,concept_boundary,4,research,agent_reviewed,1,B|C,"A colleague summarizes GSPMD as 'partitioning gives 2× speedup end-to-end', citing a peak result from one model in the paper. Which TWO statements about interpreting such paper speedups are correct?"
N-HALIDE-001,paper_design,N,Halide: algorithm/schedule separation,single,paper_design_intent,4,research,agent_reviewed,1,C,"The Halide paper is best known for separating the algorithm (what to compute) from the schedule (how to compute). Which statement best captures the design intent argued in the paper?"
N-MLIR-004,paper_design,N,MLIR: multi-level lowering rationale,single,paper_design_intent,3,research,agent_reviewed,1,C,"The MLIR paper motivates a design with many co-existing dialects at different abstraction levels rather than a single universal IR. Which statement best captures the design intent argued in the paper?"
N-PYT2-009,paper_design,N,End-to-end vs kernel-level speedup interpretation,single,concept_boundary,3,research,agent_reviewed,1,C,"The PyTorch 2 paper reports end-to-end speedups under `torch.compile` on TorchBench-style benchmarks. A reader sees an Inductor-generated Triton kernel that is 3× faster than the eager kernel and infers 'the whole model runs 3× faster'. Which statement most accurately characterizes the reasoning error?"
N-QUANT-010,paper_design,N,Scope limits of single-paper quantization claims,multiple,concept_boundary,4,research,agent_reviewed,1,A|C|D,"A colleague summarizes recent quantization work by combining results from SmoothQuant, GPTQ and AWQ into universal claims. Which THREE of the following statements about interpreting these papers are correct?"
N-TRITON-005,paper_design,N,Triton: tile-level IR abstraction,single,paper_design_intent,3,research,agent_reviewed,1,D,"The Triton paper positions its programming abstraction at the 'tile' (block-of-elements) level rather than at the CUDA thread level. What is the primary design intent argued in the paper?"
N-TVM-002,paper_design,N,TVM: real measurement vs analytical cost model,single,paper_design_intent,4,research,agent_reviewed,1,B,"TVM's schedule search relies on on-device measurement (feeding a learned cost model) rather than a pure analytical performance model. Which statement best captures the design rationale argued in the TVM paper?"
N-VLLM-007,paper_design,N,vLLM PagedAttention: motivation,single,paper_design_intent,3,research,agent_reviewed,1,A,"The vLLM paper introduces PagedAttention. What problem, as stated in the paper, is PagedAttention primarily designed to solve?"
